id,google_place_id,name,types,rating,latitude,longitude,formatted_address,formatted_phone_number,website,research_notes,research_status,research_last_attempted,research_attempts,location_id,is_featured,display_order,photo_reference
7,ChIJdwyUoizhjYARrPYnjs8jsyE,The Lodge at Pebble Beach,lodging|point_of_interest|establishment,4.8,36.5685457,-121.9503612,"1700 17 Mile Drive, Pebble Beach",,,,completed,,0,1,false,,AeeoHcKV5dI1VVsq5a-dqIx35ZR8ggk9SciS0zNKY97Mj_elajLa_cIXBbys7ARYv12j4chihRePAMnD-1k1tnYC0wxbWuxTqHQ_YtA-X6v36C2Ot5VV7uBqX-m0LmLQIZE8gtCopsJ6xmnCCPoRd_v-v4cc_ZlgU4VD2w8TkaQJHa5yxXoZ_4CMGaePZmAqLgP3VXSG8spvoik_xxHPr6-yHEDZytckQt1Br_hG6mevqvohUaeGqMUQ0MA6KRTWVougbWtJQrT7a4TeB90fyy_fWxMfbT3EeQ2tnw-tINMPhcajOpBUf63lun8Hn_K0dl4FRfiStfbne8s
8,ChIJ52BgeCLnjYARMD8PdzkAi4A,Spyglass Hill Golf Course,lodging|point_of_interest|establishment,4.8,36.5823625,-121.9582542,"3206 Stevenson Drive, Pebble Beach",,,,completed,,0,1,false,,AeeoHcK8v4N5uDB2zIjLQHArlS_Cz2zlXnQHOq2-7tnDjKurIuq-RBzEF76klpp1m1tugIPe_44n9Bp24mQQsmTtys-DdDG--SAVNtATUhR3habSRbvSJ66Q8gyGxhsBkSVIsu1sOk8z9bjOWsnlKzqQAmMB124x7ipRAO4UTreDDDEv3dnsUVu6tA0PN_SkYTKtpv_0B3k_RdrQPSCrret1pcAPj9jgH0rQ9JYsJOwKjo2EBrOkLVaHt5vvjuitrBO9QuWx7hT69OIA8d6bYeVMc4IHtGELghKR_bOtKLsVBKeBmldB_KE09CxxaU6Ii2lsUZ98xmV3Vtadv_Oq56OJZ3EqsVZPRU_SZl1ZraAIrAhNGJqHXG-YM1a5H-DY3ObAHwgfE754uk6aH2oefEtsOlBfyFs6tFeMmvO-6MiLttXJtUxi_NS9IXKGdb4wn7h_IbIFr7MqArUjKYfZ-VHDihQnHCKoIj2g6KM4JQqJEwT65407RyBgMqoqd7MD8qZ34uwNMePmZE7QpUFTrMeT7ULXHMXl4kkh2hwGoT7GrTHMscuzzBBpPAurNA7VXwDLWY1OINVRKDj78lLZYMcZiFYUy11pRZ9gAYtTDcO5WOrNSORQlegJcGLK1rJ-Z9ThvudSGw
9,ChIJdYZu-gDnjYARjqanasXFetE,Pebble Beach Golf Links,tourist_attraction|park|lodging|point_of_interest|establishment,4.8,36.5696553,-121.9497555,"1700 17 Mile Drive, Pebble Beach",,,,completed,,0,1,false,,AeeoHcIxV6TRkVQkuwkeQPe6nybxkqUFdbglRZlPhLPaXG6oCTNp_2CgT8xT-Me3perJXkbnuADbjhSixhsAcu1dY0-XJ-HACQhWchZKoOclKSWyvX8NsQFqoPOwFRJIYYQP4lT8MzAAvifAP9Gch3Bgh6aPAQskQcQgn4Wqs2FwQhkImzMUX61PPWEy2ly3HbGRTC72Xe8zAv8I_DKCtlOwG46BJePpvil1JmfDEqEsLwyO-0wwwbUVGdeWkdsFPzr-j_sugwWE6jzhqAd26PtOhEKbE7fEAgFdip46loOSJ3eVZNUNBGHusOKeehSv0xRtSr3mRiwZD7zawBXI5WC9xKiUfcqykcoYIMPP7RQ7BW3MxYPn__0lN_nE2enVKuxBUTT7S1i_MokkVuOKgbY26DLoup2ZUMHhxMmJ8EgNm3obb4SoNM_QytvgEvqJYxGX3YOUPUYkQxvW7Yu2P_WKvdzYFsDSSuG9eNhmq5VBCqi7B00QdfqjJie6Ur_osXMa2Spm6AeToljRmck9TH9hKulw3Bx7TihnIfrXTKBpXqKz8jzsgO8kGjhOpyxjTjWpADbDRH3KxV9WIx4fjKgdlQmHtHYbfdKqRqoBDwTsPeOJeTQdRFl-_tkbzQxwdsRzKn4zdw
10,ChIJyZmVeVeCxFQR2aqkgS4JBKs,Bandon Dunes Golf Resort,lodging|point_of_interest|establishment,4.8,43.1879049,-124.3902942,"57744 Round Lake Rd, Bandon",,,,completed,,0,18,false,,AeeoHcIx0KQLIlEHUvf1p6o2ne9mCeG3wIYLiwJxGv-po8-M8pin4Xe0UDuWWtYVbK6tXj0qAK4Rm5kyLSjvRAjU-t_hMbS51my5hXQ43Jw9j58jXpxLdeZwpiEzxYJLqO1FYTEcyPZq3NxtHlI2Ick7BeD1KESEDkTmzUU5l3QcY5gb4zIiyBE5Ajq_8N9y_LLGnAUpwfLzFOcyU09cS-Xc1hqq83vl6sF5IuF0Yb_DOBapOojA_yJRAEbsciJVc6Qso7GlW0oWh2TWhbjJBRcwGOjsYTuuoQhhYyoFWpMTTszg6kBfVEODsElBet0eL9ynOdh-jkWo5NE
2,ChIJ72RRAeXmjYARbhFqE9eC1Q8,ATM,atm|finance|point_of_interest|establishment,,36.5824349,-121.9384468,"3200 Lopez Road, Pebble Beach",,,,completed,,0,1,false,,
3,ChIJf7XD-f_mjYARDtjUSdbkWuU,Casa Palmero at Pebble Beach,lodging|point_of_interest|establishment,4.9,36.5697343,-121.9471643,"1518 Cypress Drive, Pebble Beach",,,,completed,,0,1,false,,AeeoHcL6d90j1nlAIK_C4jKw4xBrSYjlB2aKq5MRNk-evFFGEcHZuIlX8kyW4Gchi76fs-5ED7RZsGIltPant9bn0GgbH2hdbQuIc2tQJ6wkYG0nh66C94nKkNraEJga2pOIxyQBLu8vcwMmHWooGq1olorGm_5aiO2Zr0mkxAY1y40L_jtAlVT91u8LlkVHiL-8nsKbHLjHIqj3TmYlBCUvFCZl_mww7Jgiid_KkHUJPaEBz8J9ZJxdf9v_LAvszpp-lOyqeEipISrUx6m63K3FDSIiy4-i7vbBMBLuQk9SgHOGQU4YKCu2iWJXG6v7kJ9dxVg1S0XNrtE
4,ChIJvW8bLx7njYAR-_ZPObwtHRU,Church In the Forest,church|tourist_attraction|place_of_worship|point_of_interest|establishment,4.8,36.5825383,-121.9500178,"3152 Forest Lake Road, Pebble Beach",,,,completed,,0,1,false,,
5,ChIJKTBoCODmjYARZVhP5PoAD_Y,Del Monte Forest,locality|political,,36.5863492,-121.9474558,Del Monte Forest,,,,completed,,0,1,false,,
6,ChIJ6bvobWnnjYAR-GbFyAvIjgI,Fairway One at The Lodge,lodging|point_of_interest|establishment,4.9,36.5696202,-121.9497858,"1700 17 Mile Drive, Pebble Beach",,,,completed,,0,1,false,,AeeoHcLWrZtetCH4N_4EHm-MpUrsw6xw42GjK0iEb8-wwECexKFDLbITpKwRgOyl_7mTKk6PJSP0Y9dXQL46mBqxNRkF3OPrMgqLacrQzku6Z4I0lBi55fb4s6fV5Afh2771dnzVHaORPH5VEPd03DIuQTIc4UIqiTMTJ1yY0oQPrRGPwa2EcmP-syyFkiYssfnq6IZ5jYriBbCYu3oGYRaEwr6jcXQuTjzICtBvHUdYn7TuzCpF1wcqyKyXKoUc6V_k7TQTpucpa_s-nsHC3RM40O0A1rpwOa7bCR0ThxQfNKHUbR1-jjjp-Yhn4OiCHBe6rtF-Ln5S6uc
18,ChIJbeP2cxZ6_ogRaJDdNYKek8Q,"Wentworth Mansion, an SLH Hotel",lodging|point_of_interest|establishment,4.8,32.7798744,-79.9398818,"149 Wentworth Street, Charleston",,,,completed,,0,4,false,,AeeoHcIcTvJKm2V8Vs82GkK_mY6OUSEd4rvGKmL9oU9C-gV12BrbxNbPcwzT46DX4ouPGCnW6Qued2zsTLxVsxHuGTe0kESRpA4-QZ-8p7lOYz7r3bBacgzyfAQ0frlmqPziHl79X3o1xmG1yvDr-n6zcIvZBWadLqFkP0HM0FOutFghNPEZCKt1I9eefXZlkvF3GJ7S6hhWhXenh1wQTWg2_j8MLZoJHiKJhF-V0Hu2fNrV-onuoI_wyrtQxX5KfQ8BNcNYt-tfDvzhdffhNiTY_yXF6XrtqfyRs1zKK2fU4THtvDrxcKBsmN8qF49XHL0RBzNcxiGHN9g
20,ChIJTYmoaxJ6_ogR2ulErRQ_2O0,The Charleston Place,lodging|point_of_interest|establishment,4.7,32.781145,-79.93227999999999,"205 Meeting Street, Charleston",,,,completed,,0,4,false,,AeeoHcL7YmdUNTm9_OkgelL3h0wwjtvUBIo5OlN-qnAC3_6M3dFKeo7FlzvEixuxGroRCfJT63kPOAxQQeRioZ1RDh5ptx81ij2-PCRp40-pAPYM1kXu_hLOzwwsrbjKmyqywF83GQPszzRv2LnaGhGdLg_39fBmOOwIyL78wyQub3LCnMu23gOCIV5nsQ6cJ8kQufk7Cv1V_BnladRKx1sFlWl7Anxptius04lyAgiVrjQUj3noEZmN1N8UD5CxRxVqaVNX12YKn1wQmr7Rr8TxMbejPpIf3j4-t79RT-ikk3eU89fx-wr0EpPClQu76dZp6dqxNarOvac
12,ChIJOabkjPhoAIkRs-4a8E0nS1Q,Bluegreen Vacations Seaglass Tower Resort,lodging|point_of_interest|establishment,4.4,33.69562550000001,-78.87567680000001,"1400 North Ocean Boulevard, Myrtle Beach",,,,completed,,0,3,false,,AeeoHcK28Nx9ii1QCt_MmVyA2DZUODUjS0bDHZH0s1CF37glFoB-HL-QN_tEnm4dmR8C0cMoJpRGrjqMHgGnsThqdWTRm3-PQ-wdATppyDuXWDKP6jSXZzCvmnRIXRg8WH9t4-1dyOftyKKHsZnIKtjkmCHnFSj8E1IoEnThcYCCREfpB6ugi8JzW8FaXeoYLkdiC3M3p4b92SlISS82Z2pXKzVbESxJw0F4IKF9pN5BMimrRbWhXJt2S0TtWYvXTDsgekQYTril4QIhqK1a03VpKDQZHyUjh_v9XLU9TZ7_tFUkvJNFnW1IsUYB7GdhwhBPLFd7gC94gI0
13,ChIJdws5gbFpAIkRCFC9le35noI,Sandy Beach Resort,lodging|point_of_interest|establishment,4.2,33.6819648,-78.88929089999999,"201 South Ocean Boulevard, Myrtle Beach",,,,completed,,0,3,false,,AeeoHcJDr8w3mnnxqFopcfo9NMIzXa4OLsPOze_geH0Xe9-sIxE_HdDCr-Q6k4_HzxEaui2HQqjfNvKHpehu6lVCiop8SnfPsdqqPn2TxBBKNtYzUD6k6U440KAiYXrntcoS_byHyoYAxsM3SU_Gqn0zDbh-l840-CjXm44M2rbHRc880cygQ18KK0L9-k5f7kAX9mtwI8_rZGD6430sOmWbTIuXAFNywdVNZIWtbxYq3tylrUmjHR4GF4sMNhYI-5sfhb4p7gAOsN6YKx8Nw4YZCyq1QlGNbdE34X-OzlYXCiJrH4rT49mXj8ogV0rGjUZ_49EqvR382qM
21,ChIJ30Pcpg56_ogR7MJZgeN_T-g,HarbourView Inn,lodging|point_of_interest|establishment,4.7,32.77920079999999,-79.9257978,"2 Vendue Range, Charleston",,,,completed,,0,4,false,,AeeoHcL0Ii6I9LdhtZJyNxLoLn0jS6dKaKvq6d-eRH2GCX9TA6vdBCv846A5NQnonppstC6KgokrPjZKVkWO2jnKUSbJz5DiEa_qILZMcQbuLYRl7yQlSmC4T9VBiwFT69vD-C9Vv-HRkZJQWstsnDa8By07IWOCPMIlpjUtA5gJvJy8NHLHI6cy1qJYAKB9RMh-i0QsdrTLiZl39moIpUTZB-HSKskffSrDxU3Nx5mwju-2nsZzj-YxWXKFvQDx8MqZ6Mbiudbj2uis_j3Bsxaj1zE3fwXJ9LJWTmUStRcKMlE3WCU9s7sOotdwAS72_vcxPpSySCi9BwI
22,ChIJMeLr7SahBIgRcBr8LIM3a58,Riverbend,lodging|point_of_interest|establishment,5.0,43.7288849,-87.79058549999999,"1161 Lower Falls Road, Kohler",,,,completed,,0,5,false,,AeeoHcIbCy6u_UQivy7voKu1df48caLAeEM0sY6m9t1BeWDFoYNTqYEQZFQIpnu1XtlKUtjj8o3_XSkopwqdlN8aTem2lIHEbktmFZEUKNOY6Xg-q9B-qRJ3qyHZBBR1_ZlF0pL99dsQwWvWQxYDIymkQmpPOuYTb5lDXBkc4gaAR-s5VccAQFnDnrP7TL87hl_rUfjfivyPENw-nYvAbzZ10r90DMXY38Iq_Lo4eqfkVK6sHLVVakgS0UYJzTw6HR_2FsManlFF56-akr0EHUKr2MiZz2cJajWSmlTDA6tqFjXEEQ8PK8muXSV2kvHprTTpnn6FjFUMjjdFu4vkoLrGOYXdheqQEOIQpFla5qabsuNXjkdua7EDgio909igSqt8H4hFEElJHPsEjcAm78LCvae5rxSegw4TRIGG5CxDRXgAA6EzMrLXR3i9rOz8vZPMw07BGrRd2SrahmdH3gJpR4A_HG5c0IAM8uNHrUwHKlVoxWY3o2LFMX_4ZIWxb0IilL1yqBBjTwOn7seICbSVeO6bHa8FS9HBHHN3BevzPNyb17H00xsu_Saru5lVsE5XtA3JqT5nekbmt1DFNCIYDG6cCcRDQcJlA6w3PbVxnjWgxGGzJ2MF0retEajg3ife
17,ChIJcXjb7g16_ogRMYDU-y5g9IA,French Quarter Inn,lodging|point_of_interest|establishment,4.9,32.7804295,-79.92922879999999,"166 Church Street, Charleston",,,,completed,,0,4,false,,AeeoHcKJ8cYsbcc-3JeDc5_egrY4mAi3vJxI0bohV3iwKIBj74FmLCYhsH6zubMaLhtmNc1sX_1OcTOjwnYdsMenSokSOkA8URFSa_dkCvc9-Sr6lt-n2_OIfPW6bAgT_SOt6t9e8P_KqxpcuhejPgNu6LdHt5DgtRuuwQ1uV-9lU7qlkymtO04r9EhNHud2ahPrPWkxPIxiNUMUuKr2Tx4F8sRDO1oWAwokqzWM7C1KSSMIqT9TA1AEWxeoHjNVxyKloXgoRwQKG_iOkJcecCGxeYJBEmXPfZMipM7BWCvQ_RcI9a4ZBLSZwXQyr6zcwI9GlW7Y9oRzr7M
19,ChIJQSLQ-xB6_ogRNf0_5P9nJt0,John Rutledge House Inn,lodging|point_of_interest|establishment,4.8,32.77642240000001,-79.93361159999999,"116 Broad Street, Charleston",,,,completed,,0,4,false,,AeeoHcIRkfeTorksekUZttjb848rLd0HP9Omto2DolGVndS7SR1UfynUm-2URQL-F9TDmSsJhBwLTXlacNQBhNpKClpbLKbZy-iDNouArtPha1L7d90l1_kWJpkCK2se0NYinwA48EyjrO5aEMjMnriSePGTpPHv3NNAPpcyUERXWkBTtwqcu3qb73RqOJLwIMZOevcIJMWRwYFX7VVREr62-pQuXQKTerkAg2Voif6RA5y0Tkuyky79UXVyYPZHLNUZzShv6_vIwSHPojR4UD0qZvuI-XRnxCDqEtSD1ZtdQsE7-pUhi-ytAGa6bIlIqSzqG0QcR3pxnqs
14,ChIJU6vwofhoAIkRkufeuhZFuH0,Holiday Pavilion Resort on the Boardwalk,lodging|point_of_interest|establishment,4.0,33.6947534,-78.87657709999999,"1200 North Ocean Boulevard, Myrtle Beach",,,,completed,,0,3,false,,AeeoHcK3WVUBYaVjA-5NgnDleCx5arAE2P8AoDZKQHRiy2CgnkXB-TdasStipmJ07Sm7jTjcaiGmBUoDjOlS43eyo_mzEqM4QbFZUf5DzY_EZ2Wjyj7wviB-BjXU7Ox45lGo1HZ9ECh4NPBXnOOVTdRe9VGfBCAaJFsspJ1LyZUiHgsP8tad1_BsOp_UL3ls90aHZAwo9H4jOOnFnh5ljyVKW_Kx-jJvhGMMmBhytOfTpvRbzBKakh5fQ6nZ5DnYmyqYK8h4hAIxc0qo0ci9svUU2dzNkcrZZgJQKJWFBGin9yZHSSkwtTLzejuMpOp8kutu-ZtFYRbS
15,ChIJt9HJufhoAIkRn3s2s4crJQo,Aqua Beach Inn,lodging|point_of_interest|establishment,4.0,33.695583,-78.87695389999999,"1301 Withers Drive, Myrtle Beach",,,,completed,,0,3,false,,AeeoHcL4s8mp5DQmZZiVPepsALvTUnJU-TUi6qdoEHJcZdEEhSG5UDLdSH2rXFQS3ZvEINhvKg2kelfkFMH-PtiMvBRPFt_nIVVnj5TJB-6-xjos7dCBd4JWd429cQI6AmXZyOhZ7eMjbjF-AkuHCrw_o9A-ZVy6wcdMSV6WhdInhTWwje43t51DIqd4WQRM7ul5U5IwD7o4Y8XMW7TQhnkSKMfs3zbYWX5pCRPiKgZNR6GeYXuEo8DCebwkGMl3e9sBGjwoQXYIBQMcdhh9s-huZwCysRYrm6gKwo935y2A9XuD0rnihtwG3AgHts7Xj9dH9Bgw2o91tfk
26,ChIJX-Z1XVyhBIgReB8kmtOkA-U,Red Fox Cabin,lodging|point_of_interest|establishment,4.4,43.72915369999999,-87.7955471,"1141 Lower Falls Road, Kohler",,,,completed,,0,5,false,,AeeoHcJcLv44TC_uQaF06HEkrywXtn_rH4NS8bk5JjZwTElEMvBcgbk16P2xbdj6vuYhvI1auECn0ux2Lq7xdpXPogTQkAyAkz_uostQrJUtH10ThyN-EW3WaQCNl8vVmZ_RmSja-Frx50JP4LKTsyD-xZvw4_33N5e8C4jWE-gdIUr5nWfpvtvo_r8oUDwzw9vTCwLs9eye4K4hsj4dy5K0OdV2c4u-RVr76T75C5fJbFceTF-79GZUvO_fD1uNW3HWlvBX1b2b_fDUfwh5lvtHBwKVhVobK7cvS1WeAXFxEpGj9T_QW0zzTxJ2wh5VfZVQmCc7AJVaMpg
28,ChIJw8w8h9Y35IgR0WLwejO7QbY,Ocean House,lodging|point_of_interest|establishment,4.5,30.2407929,-81.37799799999999,United States,,,,completed,,0,7,false,,AeeoHcKC9hBz4Z-b1Zdq8gjOpEvFjxp2cJmpcD5qZs5gINT71lgl3_hchcA6KyzqwSSO4f9PpwNofK-U3juK81Ty6y_eQdZ5ZHk4PD4smgfbTqH7IM6Hkg3bC_9QQtz6Ow2YMNeiq9fS4FJOKdbMwL7l4EB_RFsebtrEXMboKbM9zg-ekwEMOvk4jolDDfIeybrJB5H39uBaH8eEdJUYdvlcw9pfoeDa4lBfCOQRZkXX77lsvH1JV7wyfELDxBSYQZ2_ELWCE94bHoihHbeGUZLfb2K1rGqdeEmjUzIVSuAztBmdY-o-Xae4rmTCqPSoT6IIrfDupxuhpfIBoAr6TuBZiG7M8LcFIIdtjMJNPW0Ssa0sV1sukljbj0KOBddEpw1Gth60at84hWhkycYB_sjP7x_iHwwGfHT3_V25KldDTkgujwCj2Zr4ZX3r6e7T7W7kOwZ4g2xsC4inQuALe8eAtdl9ifawdiNy3of7dVvu7DijgMaq6NFOINjQqtlxppzVtcMdT-XjLQrzvX9qsYUE7R8WrF6CfhU5aj9evHNYRodl-7CW2Ftq7FJbzxPJ6O2bv69j2t7Tl1GEyhNGZKOQpQCnF5NvCwOC9f_jqUDlnUnmpj61JFcq_Bxk99rKZyWKythfgQ
24,ChIJbXqOEc-gBIgRt96LZ51XhFU,Inn on Woodlake,lodging|point_of_interest|establishment,4.6,43.7447719,-87.7855594,"705 Woodlake Road, Kohler",,,,completed,,0,5,false,,AeeoHcKja4rEY7x87pjt9tvtBemsKTfE_12yCHft28H2p07qHjuB8YbL3_p-1SeM7Dk1TLqWjeuNcuFvA9cizvG_TItY9jqCWrFvcRW9yRplKLqusCOT-4XQaDGePfdIp0k4mNK6Mo1Dm7NJ1fJnHDvmULp0c3IHiu9FSt3wGed3kcjiqAeFzFbHhqUplNo4u8wrJSegRMHtAfjDkUtAKg_0B3FIEDvaSntSMOhHigLg_DqiNT0vhPp-6bJ92aYA9vQ_GJsaEElAsHsEaIuqk3t6eHWcV5r3-M7iS6sL3iiGdmEX9Uik0M7QmctkFtCz9SaD4bTRWg0dmB4
33,ChIJ6YaAaoIcz4cRU2ZClvUGT0w,Cabins at Green Mountain,lodging|point_of_interest|establishment,4.6,36.6476194,-93.2921812,"3864 Green Mountain Drive, Branson",,,,completed,,0,14,false,,AeeoHcIO2hROKfDCqeK3c2B2upfmTVNeOAbKt5bNBhOLsUrmZBoVHQTpIexeVQahocggBDAoijdr8_7EIJD_ZgORkpB48AliV8DBPzh_AkFwBlLMDMKEadLnfF7SZvOW2hwg87Ij7RxoAhqHDpzE5YWn09vscFeAQOkAyOfaIWYTnn6u1JMv9heQ3GiFwT5rY5GjZiRiYcjBYOq9nh2SlKbACNiv9je5PbD9JAxNRNLqflli62teTBalyBjl8CQjh5c1JBbwfxQxH6C8_DejteV7yiF_SvEpbBKNWiU3c59ZLOl45cvFfXmKnUL6uhpW4-35GwPbcUvC8YU
27,ChIJBdBiD9U35IgRBC9qVep28MU,Ponte Vedra Inn & Club,lodging|point_of_interest|establishment,4.7,30.2419806,-81.3794333,"200 Ponte Vedra Boulevard, Ponte Vedra Beach",,,,completed,,0,7,false,,AeeoHcLcPKrnBABeDNNzJakkcpsO2nkEKGJY1uJUQ3UR0IjhkEFCCcDWSSarIMiBXFYlxRdV7EZ9-QNF629eYiTTufpl78r6Uy5JSRhr6Uo2isjzSyqR0aO_p707SuBg0zS3Vk31KDTomMhjdV5-LB8lRaA_fDmnKsTkFdIXRi8NPJb_otiBSM0BAlVmyQ2WShc0NQXeE8JTqymYFZoXfbB2RBn4qU8pCcuW38SmWsF2X3nhQKeq3MBecFQ3fdfQzUwkK57wqYH-rp5SGN7MLKpySGqdKePk9TBY1Wl_57A_xTPtA0J8DhFADKNO1A2ifNaDBLLzVegT40g
29,ChIJ965mumPf3IgRPg3z6YEg5yM,CLUBHOUSE AT STREAMSONG RED AND BLUE,lodging|point_of_interest|establishment,4.8,27.677899,-81.93245399999999,"3000 Dunes Pass, Bowling Green",,,,completed,,0,8,false,,AeeoHcJi7usJVoqw6-n1E902qBgbhSZgHecsMO2AYsIOzj4mjKTCl3XQj3RN9IXto-09N_iER1gvZYbmU-04mzowLoRU2xy4M3z7DRpi5epdbq1-LdAqvomb-XCGX7YJ36wuvoX23AsglbcBlrL22zeUNyqnpKNFgKkEauVF7r0uQPCYxqFVuQxcqCN6jqHPYg8_6gVsTd7Qr3ygaLdkWYp7Owo9oGVRZa7EXsLMrJQFKNdQ-lVqqcv4WVdA3qIK_1eIVXqsc7KWtGajFpP8XbnS_3Vsw2hS1KVRAP2zGTzQ9loO8QFMJgrbfXCt9fNCo2BU8TJjs57jmTE
30,ChIJW1k6fUvQ5IgRuOSdLEn59pg,Sea Palms Resort,lodging|restaurant|food|point_of_interest|establishment,4.4,31.1988939,-81.36683730000001,"515 North Windward Drive, St. Simons Island",,,,completed,,0,10,false,,AeeoHcKCWiTDWrjpzgWCZMu5keh2Mdpk7zY0qTTAHQwNCUl1glNzBBsgH2aW6Igo0OVWr-aS0q27ktbvFx28s9LR06a5IxcrlW-l_pFuUEI_ABnbU_6zv-P0WJDx4GHeUHo5GiGrQjjAOJFJklujtzxyjD9Z69ugwFraP1Zen8aiEx93y_Ak5hyMaBSAsyZTFoC-OUvfglGebZR4nRVNpAk24ZRkFujTD3AUKR4TE2rR6yMdOOQEw4D4jA2wqcU7iwgucjXAlKRxQdl_-rCFfuttWwmzOAE0qLDg35z6bTEcB7fp_keod5X9tpQRoioeJk174zyuv5Eb6rw
34,ChIJ59GfLicbz4cRtkV8-ccSuVs,Cabins at Grand Mountain,lodging|point_of_interest|establishment,4.5,36.6422473,-93.2727164,"245 North Wildwood Drive, Branson",,,,completed,,0,14,false,,AeeoHcLIYxmVMfqQbDDbQrql27FOEX5pn6ymKC8CUGGoyQ_i1hBS6UlKFRB9tE64TKah_tF_KqIYp37eJ_YeIkdfhuHD8jDBW0z5rU26NRijJfaR3tORgJ0YOjSz4Dahp2r_DFPHlBLPSDtEAaaOKJcXcJm8xTFwsuAQ60ktJEFo6tIS9VcE7XD7TNhk9PeikQOBN1iY5OKGCskOWmZtu8Y4FEpX__qBxFvyRQak04pdDc2h1KiNzvvuj_uWrWJmD-L3w4iQnyapXWh5S6iOS5A-RjBqpnEShdDaDvWskYm7SC-VAmM27UCJAok-OReWqyPwwsbIXYUkapI
31,ChIJTbOOtmEbz4cR7HxuMHaTtN4,HomeStay Inn,lodging|point_of_interest|establishment,5.0,36.65259299999999,-93.28123699999999,"3221 Shepherd of the Hills Expressway, Branson",,,,completed,,0,14,false,,
25,ChIJAQAAAMygBIgRA7C128LvmjQ,"Kohler, Wisconsin Resort",lodging|point_of_interest|establishment,4.6,43.74029549999999,-87.78085910000001,"419 Highland Drive, Kohler",,,,completed,,0,5,false,,AeeoHcJVzPQwCvR3YGGE42rjME0CNFjPYurtMMBxrNgtwS02uwKEqDukbkGxNGrVTSDki3InICuBalcfGLHxCbVi5BhG1v1SEN3_G-dh5-f8N-WQ9dQWX9JeLkOiykRvgg7lwa_pdDBHsDFiIzeyY_9t4QVXqBWSBPESMYlG9_mVdGULabMCaUH_j5wrypWKdvI0Yur83chEP_pIXcoWalbjQYOMOyJb9X-YO5Sn4-FVaOqqBOfnaeT-dnLmoX6COxKC64tn2dguQV9UoAxKiiQzqp_vEbLQyAs9WMmi2rl8ogCZvuzcWAC_Mn8enW7YLKtkDizGB4BQ81H9XkSyeyJX1SJ9oAQIAdLfQ6NFfiBsvZOgIVJpqLjbetzGtmuym-9-Fm_fk7oVqeFPJ4mc9ETSzNvwNvAurkDzo0kybNWyho6KczeR4lPDX66Oqs15-_3hHJFP8ztvPIDBKJMfYiIpe6TZvhEY8509wwzc1NqUpLY1JPAaT-ag-YUt-XS3vy9oEa8yYCJf4L348vtO64NvGuo2f29bfM0alckyBT6Jb7aHhoLEkOxzmTwspLi7YyXRWzJdsMTG5ddIqKFczaIkWb0fiU2ZuYQTIy6Rrdz3GI6u-MfO47osu9Y-rwLdjzxKgTIpcQ
32,ChIJm_EibJocz4cRppGGNaRbCX8,Lodge of the Ozarks,lodging|point_of_interest|establishment,4.7,36.6411986,-93.2848135,"3431 West 76 Country Boulevard, Branson",,,,completed,,0,14,false,,AeeoHcJGqhwyxgABEWut5bM65HGffDkRGFuyzJ7yL3xw2cCWyHud_UO03eXuxGwHtrB6_5_C_cZaYn4Usi4tcmqOEOytJ1SVNoeCqz32w-z-OsAkw-Xgv3DX3IReTHFmFu78YT4VOyuUs_xj089yP7L8iSoHh4H1_5P8F1xiCWj-cwUvdsgJYVzUVoSwgOhyJGVWLwwvydJ3fvL3wRQXRjIVod0BfqzkQ9efpA0mOqgUx0rsMnadKwa786w4LDgJbAzmtUesOcRNe-q4auvgQqlkXlM49XGDW17DGN0eOzK9HVd9IOyJtoHQbRWWcUr4wb88innU2lifJsE
38,ChIJuUOxIE5bE4cRHh0ihAINhrU,The Broadmoor Hotel West Tower,lodging|point_of_interest|establishment,4.8,38.789761,-104.8524548,"125 El Pomar Road, Colorado Springs",,,,completed,,0,15,false,,AeeoHcJRnuCQdDz1wbxKzJy6lGoJn4fb9Lhe6lk5Ff8QpbrWjkLxSh-AavuSj4oGIbMxsP_zVTFZxpbliNcb8ZlogoVQsC0b3qV89ZdhxFYUJxPICPFra_se42N5DZLqSXb-g4mVq9iuV9VPzqPFVao_pfe_MPHoUqHI2TZfHDNOBUcuj4UIYpbeymwkfFz3xs-AfWQt6ouhDsnkhqmhXzlSRgktZO-38n0IurARnwk_YCGj1MKXIcSpD3X0Gw7Qq4EYKdDW_4wF2zgPb9Sckhk8aZpUm9-ApkLDWqACz8YKh3O_45Ioep49ickksYFAIRTiDxqt9gmtsd6k4XJOUJfmweTNUMQ9UMLBJl-QPyqwGlSQkkJVQ67GTFQqoP_f0CkgvS1TacsQazTP1ywwjAamNTQ11SlXTbop0Ymq2uQvIjhrmCAmEVrnv0q8Gr_DIuCry6dmJelo6SYKl6-hROPf-Xf9cGASxWz0g6zbV-J-vug8UVMV1pCR3dQLcSSzkmBCpck68K4dEMd6s1SXQE5stzOynBvevAWjmatMBUFg33T0Gmp8I4LPhsnHL7F_dmQshuhgccC6mJNfD-QN7rmgstw3AA9PFGZUvxpEMl_Ifu2ssgC9w5HbMIR1t63Ea6CjjIy8FQ
40,ChIJ_TkshURbE4cRWNbKz66sjkk,The Cheyenne Cañon Inn,lodging|point_of_interest|establishment,4.8,38.79121159999999,-104.8637542,"2030 West Cheyenne Road, Colorado Springs",,,,completed,,0,15,false,,AeeoHcJelRnk7tO8qiWxCIISadFxHgqVl53U3PXYT5kW6GzEGSqYS9MezlfPm3sVCk-pg0VJmxV9fxhmelN0kQmoULsk4R-fdhxmbbBd6vgcg9UGuWfyFgpbCx_jTgNYMYw8Gj2BNhC5HcutvasdHEvBqxOJO4D_HqmCU7KkOizT1DrEqQ0Jek06QOTqkM2fXLiPODYYq5u8kEqkIVk-e6d8-Q3nj36b0vK5A2W6pehO8gqp5rOgHALrxXQTjGm8DjUhrXZ6jMcCHuALnODg0uJ2Eih3B6LPoHxyC_jvbaEmpUy3NvR-SGA9hB05rY3IouuPQl6Ai4n5bRfN7vK_qDA661fIX3LYLSqriJu9mKPuiT_nVe0xiczG4-6DTph7bS7O8wG5V9EpsPb_ax4CAvKFIHPxCybmOhazysJoBYZlByhrEjBa1ONVEW3SvgqfT9LeUOx9AYxzI9aDSU-U5nW6CdG2pMqhiQ558t85BSQzMxEaTmM6LElAKLzEdWO1-ta9ZP9M6latohDd9cv4zLrtamsNvLxEpAIRCp4iEReHypIpnZZ3zjxGWq1-WH2jUEuXSc1_TNY-RaJtPHnjSdNB63aiwabimmBs0rllIC0kY_uGA80hV0x7-utGlWzlX57i7UpmPA
43,ChIJv10Jmux0K4cRqGBgsI4NK2Q,HolidayRental.com,lodging|real_estate_agency|travel_agency|point_of_interest|establishment,4.6,33.5024563,-111.9205519,"7432 East Camelback Road, Scottsdale",,,,completed,,0,16,false,,AeeoHcKT3NsN3EU9nTrqBBn-hGoxp-PYlUBZ8CV9XNX6ilRQkVa-uPBPYmz_ZK0tLvr2RHSY4XuM18mHpyA7sd25PO-hzk5S-pWUz49wSxWoTs1f3yW7lPU0_qgGl-BSZFxgvFRLYiw0w4b2cnLtG8jv0xw-DQ8XvG8bSmlNvdVPbc8B9D7WDDINp6Lpy7lLVDIu8zRbEw018cmY8BqFb2XlThE0YT3WDsL2tXGegz1pCLqiqip4mzHI2X887LwjVdx_MB561At74h1tw1EXZm-oBbf40Gi7RF0WRWy-YemDtuFiy4FHcIbe7gm01BuxPQqSloQeO6M94p0
41,ChIJ82w3-L8LK4cRSEn5ZIJWELg,Canopy by Hilton Scottsdale Old Town,lodging|point_of_interest|establishment,4.7,33.4924258,-111.9280754,"7142 East 1st Street, Scottsdale",,,,completed,,0,16,false,,AeeoHcJrHq2r_TtoyLatNf1_tneCgj-ZgNEbyM8s3JjHwb534hFsVVD9kJnBAd02jsLK77IVBMDuYc0NbP4u5mnDEZgxaJDHNIwtdeINB6DJkdNkhn-HD6iFTW9gH-QCzUmSO8gSKZ3xnk1CXhKzh2IJ8PzFgIrMN8_I0NvE6C0cI5eZzREiTrxnvwMTRWO1cLO_4Pq9B-mlCTMELpFZ7Z3rgnGQL_h_er7UcV1weFGuUt9kJMcnMA0Z9P1UTIvUF7acC7XkGmVD-vJYjOplhJzKvFtVhVQAKgZlZnoXd5RwasR-ghYKE0Z3bHBqYf7CMA6JiGJjbaFDZ3k
42,ChIJcxLCI8ALK4cR54-uJdcrxe4,Bespoke Inn Scottsdale,lodging|restaurant|food|point_of_interest|establishment,4.7,33.4906871,-111.9278889,"3701 North Marshall Way, Scottsdale",,,,completed,,0,16,false,,AeeoHcJ4OsTW_Go9-FWyF4zlaVNyFuUjS_Z20fDvr7w5c3qJPhHSkRV16C5WVEHc7WE1mvzcvqO0_nPztUVQcFMBSby1cHCkykV3e_EM-bcD3xkfaWfPKDWd_V4Zff_MJPnEHjagV553o3CKfY7lHy_0Sn1hV4CDJQ2jKRZVXVQLbtxNJP9XzLdhkOxiX3J9z3D1ngCz74zBXDSzpI5XO3XLOVVyjVEdUjSYQaG82iYtfKU5U56voqfsDOqnSrngPHqs4YjqXLLVbcLaJt4B4fN-H1TOt8dpaUUmPmuPdoiLf07_KSeMymBbGX-01K4UT7-GQd_kUtnreKg
44,ChIJrVJkm5QLK4cRnSmp5WqKapk,Hotel Valley Ho,lodging|spa|restaurant|food|point_of_interest|establishment,4.6,33.4936282,-111.9332457,"6850 East Main Street, Scottsdale",,,,completed,,0,16,false,,AeeoHcIg4I8YGAA3tMuPXi4GNjR8zlwt77ZT66itQ3FV2Bjv5bZR2okfwd3GjdnM-EsKzgJU0c_7mLKURbbqSmIlRRSJSwSImPCkkBnFnQyWJHntVSE1-ElFtJt6Qyr2KCF57Zxya3C-DIl5Gy8_dLrEloSHlRj-TygDSfTVbZ5c2xaA-NQVF_dIattLJbK-lAd96ztsN2LUQ7V4cnq0Ph1JjJE4sqxJHdv_zwSiipy71Btu7_ty8m_XM4Z_EUlgQ1aR_ieRq2KM4j__QHGa6f7H7sas24HaF3gHy8mcMW0vv9JSjd_fAdrl54PFjNHsayTANT8kxSNAVKg
37,ChIJaycKbQBFE4cRjCm0-00B6jk,Broadmor,lodging|point_of_interest|establishment,5.0,38.79538199999999,-104.841398,"1 Gentry Lane, Colorado Springs",,,,completed,,0,15,false,,
45,ChIJF6uCNcILK4cRPaMNNjP7Njw,Courtyard Scottsdale Old Town,lodging|point_of_interest|establishment,4.4,33.4860598,-111.9257541,"3311 North Scottsdale Road, Scottsdale",,,,completed,,0,16,false,,AeeoHcK_-TGfPpuIUuZ4P53Y6s6fPxffq8ZpE3LqPg-UWH_IaxhkpGp1-Ze7lRKnXxaVSpYWNSXSIfe-BiHCQz2Gr9wDVktJfZnXPgLWyq6fmNKslReKd5s3pgzAZXmZyrF-FIcic3zYn3Zn5pTb8Hllv-Dd4nH27j9nkvFNagpNj238xnp5HYFxOF0lb104JplBZ_Ym1hAD5pBuN78sfJy3_8u0N0vpSeX4KANH3GVpu1TMBwyQgZeMv7aeJfyUQJROeYRNiYx84iBWRghkql3M71HbYJsgGxwMX5WmYHYm03I0-8sVpUW_E_GJH3AqzWRmLxuCTjP7Zc8
50,ChIJP1jd5VSxVIgReEy_H67QJVA,The Carolina Hotel,lodging|point_of_interest|establishment,4.7,35.195739,-79.473816,"80 Carolina Vista Drive, Pinehurst",,,,completed,,0,19,false,,AeeoHcJyEflz43hi848tv_0KuJcZoKYT_FWPLuRAWNwAQKuaceF_fKeqVyuvRrrtQT2izW2KHhsbEVquF6t88K_R0rHgFOH5VvZVaKAyI9pIvknbVd61hgz0n8lz-WNnUXjSkjjP2oaX6AjCfAA4O8N_duQfAhvdzcB32udk-wGB9_CJ03lc3sABE5aH77mtqOFjR5RGIDC2f2R-TZ0DLsMeH0jSSO1012h9ODGMlMHjdWsI5aXQA7YAhi0XSPAyWMMaFtQ4i57a9-xHnpXE1vAlItAK_6OcAvUJK0j97rxdCj8CYLVPXLS3HmOxZA4jL8rfVjloLnqy_fM
56,ChIJ_xiXG7kb24AR0uLIOHy2H_A,Los Arboles Hotel,lodging|point_of_interest|establishment,4.6,33.8334664,-116.5452032,"266 East Vía Altamira, Palm Springs",,,,completed,,0,21,false,,AeeoHcJDRE8NjNQXjH-B6S11lc-GB30DBb55ej-vo_2tvJFm_mis8H3ehyoSgQKi89oM0JlUPm4EvyMOnUQdskb2BmRtq0DUACT8WnpqS7mfEb6z0KeVoK8xur7V3KDM3x2n2E0JiJSqJDD-G8E1OKPAD1K6zimyiRa-KKZQUExvIr3BUKYQe88LwHtUm2fTQ5jQ4wyOjPPI5umITiSpWAnV8qlxUcQYLBongvpWhylTkFsY087F9-H5Kjo9qrFPO-XydO3lXm1F2KVCxfOJV_sufv7sCJFKT5cD5DuOtSK19D1L6-HDexvdhHyYlh8d7i7FZsLVrHNB7vs
47,ChIJHeLohFKzVIgRTLLNl3LlDrE,The Hale Cottage,lodging|point_of_interest|establishment,5.0,35.1945442,-79.4698126,"85 Cherokee Road, Pinehurst",,,,completed,,0,19,false,,AeeoHcJkj1idF4PWjG2YnpRPXw8xS5uTD9QGz5UGRj-L_pUfL5BmEsjlfpZIryOH38ikIAV-sGB6xj1P2vPwdQDWpcgta4Mn2dbZ-XDSFpeXGAkcvsW3WL_7ZRyVrQAy-K4_Sfe00TsFdIKB0Ii78UoBFZHSIeGu_xoLsyEgNPc9bJKeiIPGyQfdgU4ZJh4up2ImAoOfIeLwfiR9BOVxye8XJdacV0P7ZiSEVhThurMUVz-RfOIDx73n7fiE5Cf7V1pUATlGuBiO14rNZbaMl2SUIE_XRAmX8FGh3T6n47DbI1ubpzsMDCbvq7RZyY1SuYYCSXueNaE0DWw
48,ChIJx-_qFRSxVIgRJj7CeHL2IVM,The Old Church of Pinehurst,lodging|point_of_interest|establishment,5.0,35.1975794,-79.47426659999999,"35 McLean Road, Pinehurst",,,,completed,,0,19,false,,AeeoHcIENl1ykXSGdlYg1Tumg4izH-J5r0REB_oA_d7xXpNauH02l1ptpRlBNjAXdgXNP-c6WhiioWGsf9Wtv_pBh83Ix9wqkZg2H1CJAxW7ipRUme4yXmbj-vr_9qEK8Fef9I5X2t8JMBUAM7sa6qsqX1gy2eK-ajFLy74BEw8XEJNlyF7Xr0tnqrIYGmWr14yuaXmDSeFluN4n9iD12e-8IWplbHocKGziT0ffXnF2Wox9xuVY90EJttkcV2Zi-YsGR1Uk_Ohqs4GcnuPvwatvBk9DMamd2FlMwK8UoFlJ-vMcipY0a6YTeSham0epb23xJAuMwCJfWrc
52,ChIJNQST7KvU_YgRUvVDXyW-jRU,The Sanctuary at Kiawah Island Golf Resort,lodging|point_of_interest|establishment,4.7,32.60121210000001,-80.0921209,"1 Sanctuary Beach Drive, Kiawah Island",,,,completed,,0,20,false,,AeeoHcL7xIAlSnkosz2W7q-e0nfZHu5b92qzX0kfA-STs5k7u3vm9i1Rp-skCAYQsEXGUt7fccwAfmYK4s7pm3vCaV7KYJ3keKN0HplxckQLm88SpYPdJbKHWXGnpcNTq_Qt4nirb2kbF6ymtRDi-goKUSgs_H6S63uCZ9kSYdEhm1brUrtCwQs3CWRcawhw6LXJUQ3uOHbrEGPUwXJssqw202nXcJKARgiNCFXOjQzAk5rbpqD-65mrs3H3MsiU8KImk4xttUXHYLERjdc5pcUqjpB9YR6p5eGS4eeOapeGcpvOpvClWM9Th0qjV1rRpyAhXLD_Rz3opdA
53,ChIJE13I7KvU_YgR4FNc4B4tZNw,The Ocean Room,bar|lodging|restaurant|food|point_of_interest|establishment,4.7,32.601364,-80.09143499999999,"1 Sanctuary Beach Drive, Kiawah Island",,,,completed,,0,20,false,,AeeoHcI-tYEwboUTGTKODdpaFbUlQK6sKshf6F2rycPjqamc8t7WxWRQhZBhLB-5Os-UGx0gEEcY9OxrCH2EN8CDlC2cLIz4VA_D0rD8q7hxI7kzuCp2SsAbSIBZNHktGIzHFa9-LpJuBGjidl4o1ouBqBtz5bP9Rt1p0UAYkXoesTIUh_w7DQzLhejFnP7mVrwsleVF0QEJtBtE6AcWyb6t_eYWa15EvKrUOM3nwN_0YFioCV-guC_1QJ9RXgbZhobK11gmL_l4IfTqoZPTPU2vI91QLUcRMOMM-xbkmzqeNwyyhkrg_fUIQBmLVYLFHjxsNbI33Heoqzs
54,ChIJy36KaKzU_YgRxcK3Qc7TgD8,Kiawah Island Golf Resort,lodging|point_of_interest|establishment,4.5,32.6033941,-80.0939306,"1 Sanctuary Beach Drive, Kiawah Island",,,,completed,,0,20,false,,AeeoHcI_FaKlWGT7Ah3cmvm8KE0vBZU1LVX1v2rKOO3ULBgsSSD8SJrE6IF2Yrjv_QQW9umUFkZaqFT8GFMDVddXrTiJeCfylJBOzOuUFvuY2SK7WE9eu1kCzDzsKcFPa9ZrM_KGHTDpbbal-HI82ZHRcXaeQ90MtUv08BXWAEFa_Kp6jpI9tCq911Fa27i1X-S4AkJT-TQ9C4dOPtzkp9VYr5ltvUp3VBwDXGFFiYY1xS_Ai7EefT2X0hlj_mPyS-Csx3I86VCLKxhefLEmvUVsu8M2QvXYy005lOC3kxEK_uMqQhsHsJRVQpMjAHhmOrswHndzmRed0Hg
49,ChIJP1jd5VSxVIgRArs7TpnucDw,Pinehurst Resort,lodging|point_of_interest|establishment,4.8,35.19579,-79.473674,"80 Carolina Vista Drive, Pinehurst",,,,completed,,0,19,false,,AeeoHcIdjasGNDWZ-7aPLwq1rgFJKNNlBvhRMvoqrYHo4AMN9JD0V5RT6mIoar0J1rIOlcm3FUXNtqzIh3p6Rer96a5zPYzFqZjvCMCveeiV_xkrgBqvF98Z7UneXAiZ2GXN44YJDH4JI5zh1iVH0oq3grl_XN_4Dk8Xk2QF4otZge4o0X1FAx1YbndjppzyGbpA7_W79rEBEnaecdojcJbKn4yfQhxlS00lqs4Ia3H_dL8GRrS8TMlgB7o5sV4JjHzt30nj8F2V5WVQjNZiBwazn9L46YsOa-P5DYSAF4ypkf_Y3l_KZ24dbiCQkepEALoBzX-u4cTo6iU
55,ChIJKaWElq8b24ARXLr_pp8LANs,The Willows Historic Palm Springs Inn,lodging|point_of_interest|establishment,4.9,33.8232119,-116.5505058,"412 West Tahquitz Canyon Way, Palm Springs",,,,completed,,0,21,false,,AeeoHcLYUZr1UiP7i0vJe2ChvhdQy8IqC7g2ao-ExbdAdEoTW3N26fBYwbHXK-Tkw2FvOuYALvWKxk6pig-RbD8L60TZLP8geJLJTIGO_VRlV3l4jouyfEbSWxAOMCQvc9tQuDqzAHj0XjrKg_X1H2-H4r4cZMpPZKL9Ga7J8RiKRlEntUMEmxIEeQShkDfLAcO7_0qs38p_dDwyXomkyVwhvoDe0vvBrXHm-3W8fuZk4UuDX5iyahlA92fL-Ta4esl6ySwcrvtptArx3rw9FVJEff5uU05YAbxgndSUFMlmiDGMUHinUUWNoT5BH2y0EEXPjquJnZBq9Yc
62,ChIJ3xONcw9754gRbhtG-v6m-lA,The Delaney Hotel,lodging|point_of_interest|establishment,4.7,28.5258512,-81.3759621,"1315 South Orange Avenue, Orlando",,,,completed,,0,23,false,,AeeoHcLIWe6IVn8iV-QPAZYnAVyDK5_szihEiM8435jwRzMy8MrUwiohhgGmeVm69tyg-1Omh6LseC4DZiAhdC-7hOq4YCL3IxBGZeKYajL6mNiQxmpJd6w2ACL1hO3vPK20BvEG-ucdU_XGuCfOuIHVGMhAC_Ao4X-slFQ2zjQ7_iGRKxtbCq0KXiw8nuF6yA1jfsHRGUysTJX7T6u0Ejc0TkyhweHUErkDn4eaWLzSLJMd9iqmBX_NjIfVs5nI39h4DWznnEzGS8OBz-J9Tjk94EjMtD-AFOgG_xXfBGtsbQg2pYNuRoFoLNwy6tHgZA7pk1lVB4WmfJY
58,ChIJUwGSL68b24AROEqKfb07UrU,Korakia Pensione,lodging|point_of_interest|establishment,4.6,33.8201768,-116.5514928,"257 South Patencio Road, Palm Springs",,,,completed,,0,21,false,,AeeoHcIdB9CMUJecSbRRVTIcbn0Y65qwiiKD8mIIOm_5D0Trk-CF-V_R_d51LCZAeI08NXCUyk8lJcbvmoA-3B-cXtw_O_aCIUfFd53oT1Y5FqjB151e-N7kqYecXeCf_7XOWuep23TEfDuOioTdj7ycTgnMccrCOhuFvvDexwDmfoIMK4gBj7HBz7MVDv35yJNijWQQBrzPmXVP_px1P2vyqlqXGek2v43TY7HDxbwA7E_wjCHZ8ZWPSF2ctS05R1zxwUbL8Mh7ZVvGPSAQ_J0--LAqt3Qn7yQ3v5865sDOX7t9O-QK2BG8qbSoXveEeJRRuu1Nkds_t_4
63,ChIJC9h9qwN754gR0x0TnGEHmRo,The Courtyard at Lake Lucerne,lodging|point_of_interest|establishment,4.6,28.535881,-81.37535199999999,"211 North Lucerne Circle West, Orlando",,,,completed,,0,23,false,,AeeoHcKFR5XlTN2-fR_FQwFugOtulFxuWzinUGkagjbDXnOOVrj7-oNqryd8xlm2HW_0KB0tjKe9drQpnGj04TwzENNZOBXcCbs75GdCgcgeAA2HQlEyNLUV6FvCsIM9k56uXe4u0UYUt3D7LTZ09e-J0DlTxTs0qH8TmMM_3covafGzkbOFG8E5MKlf_TGa7X_TCyBnMj_nN5kBxcuPLa6NdS3iuueilgyS5tOJbEA8KaSQcpgJrAApkj5Jz1IQNvMP8rfDdEJGyHhvS2ONCcFfFLy8tuv0mDZcpuArWMzG9iv-MFX66srMWUF1Pyuc1McwdSCL_FKsTmI
64,ChIJKwL9_gF754gRpAqJys_VQMo,"Grand Bohemian Orlando, Autograph Collection",lodging|point_of_interest|establishment,4.4,28.5389083,-81.3782669,"325 South Orange Avenue, Orlando",,,,completed,,0,23,false,,AeeoHcINm06Z0PyxJ67gZpDqyrTwlZ8htbnQ0Uys6x3iAQiKXT9b6K1YnxpnKzfccHypw61xkoJecHoS9ijhEG1Bi3MtWcej2vBJQA1wSB3k7XJumXvkCXyNzLdbj8xqnjXFZoS9cqNQgBinZJa7WFM8CGDLWBkt0mixCZ30AmpdtDppZBd5nGAc9lKHxLt1PWVbzDxruTLq-cYiiFGuCPk6m3NVte26jry2OhuOeXFuSaGKFlo0PM1b5ZuT7sNNhYG-JvdudDCpccvVhbr9k0Z_7u-skS5HaQFWCdDJkyR6yCufuw-is3ZBxlccq8MW53SPP6XJiCeumIo
66,ChIJx10ecKhU2YARqHRRoTrNUQo,The Westgate Hotel,lodging|point_of_interest|establishment,4.4,32.7162931,-117.1624272,"1055 Second Avenue, San Diego",,,,completed,,0,24,false,,AeeoHcJ-VEsFNRw4IEMBa_t_7U8_g9-xhE9d71pqsH883tL4fIDa_o6e7Eu-ulcx_U6yUbp6k3hC3DRI9rQ6EkaCIfJgC86lHLdoUj2GQKf8Wch9aG5To4DhETK8g2aKQ44JTFHYlBU5ekl0vXZ-NHg_cgrMgRNeIt-IqNWX2RQ_m6VwqSfzQmea4j56ze_w0WqU--o_W3cVsn2KnoHGkeJyzpvdqVDFAMqyhtGGNHzBlHfihpo9cnmvJu0Ktj5kRSNboU3AVX9MbEKO_FBPhyOgy5NocPaCQ2lZ2ooOJbRMXyq60EErPv_N-aejjLJggi_xBBtDrmU1yuM
61,ChIJWWCKO_5654gRKIDtOKMz1z8,Ice Twister Catering and Events,bakery|lodging|meal_delivery|cafe|store|food|point_of_interest|establishment,4.8,28.5407638,-81.3804986,"Church Street Marketplace, 55 West Church Street, Orlando",,,,completed,,0,23,false,,AeeoHcI7GlFiNewharBfSwUoTvtAMuc9MMD6tq4wLKzojnczkBjLX2yH5BxPDCHfjmOtUwMzL7p0pDMlif-800dF5pdPMxGxKgy4Cl3-iKd635lMkt87S429-_FF7n_74EPv8CTmkJYlWaQfMzPOeFJAWjviQTFzJiCTMbdXTUNAlZL-QqlxgA30-lONhIYEVL0FW-xalCANfofkfSnDEJ_0zQYM6NGrSZp7duoNCdyUgKOKrK_ZKpkV61dGzdkaUMMX-E7tpIKxYADiU88fGYcbt_IEI8RChKJFOvoI840RroVazo7Rs_5Dgm_kSs-GpCJsVfk9j-mG0qk
67,ChIJFYKLdVhT2YARKsGnZlE1TOk,Club Wyndham Harbour Lights,lodging|point_of_interest|establishment,4.4,32.7150115,-117.1598357,"911 Fifth Avenue, San Diego",,,,completed,,0,24,false,,AeeoHcLMXWSttIiiaU5h_iCKq-wz1oX8gyy_I3BgwOl4w5aDVdMrLOZ_oxWIgXBZzfJhbb-b16N5VtRkdW0fF-WWgOv4IvSxSHJcwYMpdWxyJSpfQ6X9ViVayOdCvk3q_CdjRe08yd87sMb9iwxJC2bK7D4AeCHSbHPhS9vZpP8I2-7Lkr6rVpv29ig6eH2XKmNsNqD4FRsajvBbuu-SPPmYLRr9ltni2g34pfXRmXKMD96XIZ_ftnYq4MLi0zc6B7CBA9Ztk_d6zA__Kqn4vkxd0aqVDhy8AQD_0DgyAdtYJzIS-SOy_GCZ8RqRwugJIH6fMSdSswx0oRg
68,ChIJZU5PkKdU2YARNd4CMbfRaok,Courtyard San Diego Downtown,lodging|point_of_interest|establishment,4.4,32.7158738,-117.1594012,"530 Broadway, San Diego",,,,completed,,0,24,false,,AeeoHcKbutaSR5IpFf1dKCJ4f11zNnCXohSRtOGlE7ZjdeBkeKWxqqT9Ea99MFqeGg3kDla37q71XRnJAnxKEnbDYdrH8HdWhM9_Owt2cTrdAP6K9-qRBKKOiDDMZMLhgFLGjC_C8hMwugoPu-2iYyyBnIqy2n4d-g8e8ia0AErsd5DlKxykDGcFtethjO9I0U3VYgcWmoZKobxppEVdy6W1e8u7vOJTmDc6qhmNvMPUidbnF7978RAbhF22kYLJmNMcA74DuNrDXQa2aA02_Ja08FKlE8yzr4eWab0SGQCOe9OmD9d15Vsz3IRPUTMbD6DP6wImtyHdFhs
65,ChIJrRRF3qdU2YAR7QqXnjQvPcI,"The US Grant, a Luxury Collection Hotel, San Diego",lodging|point_of_interest|establishment,4.6,32.716204,-117.1615507,"326 Broadway, San Diego",,,,completed,,0,24,false,,AeeoHcIzmkNUHkfd5652EErDbpnAcjZGucKgRZB1Y43d82nfPIO_gtptCPcw-zkdjWPH-CnV7ddg3WUmetOHDz6QsA2vo0nUv9DEwWUgE9DolPaNAns15L5cPQY5viPHx8LpW-5hNZVCaSf47Qk6iVvBa-D8MEY9FGm_8Cy-ZR1OTQCmZqwWLQUkHIVP8TEJuiaPjAacM-4eF_EwDKfddbG1rdc-XRdrSgmv4wv0Fi4ah8Td4FUSUrPMOJtZLq9eBo-2KQkJtvZQ5mYQtl0U-fMNoNBmqdqICigjkHUJLQCXkeoCUs2RsKweH1M2k5hj_kqcapLzpMZbZ5KExuGoF4PZGQUkn-0EsD6WdmHyFuCauX0AyCdU8eo-Ljc7A-32Mzr1AM9umr939vkPoIj25PRpf_qoO1et9LhW_ge8nLKgHnrY0wCcKl3GlsW7xec-uWEiLFQfGTrwlo9a7r70wUTheRnLdohO5U808uEKTdyHRB4VPcAT1ZP2YuTbfVabFD4OrqurzsuP6X9EdFTCXZy6M9Qjl3x86XQ-Mn9xND1zYRHXfYlCFfE3SJUfoIaG3xsLH7MJg8rln0iI6rQC2jJnpR-18OchAzVmoh_GruY6_-wt-GbzBYXbPUSNIEOxRL4WVjMU3YjboBCGcieMblJvCIpvyNA
59,ChIJe2lwYq8b24ARWjzFnwMYVCE,Casa Cody,lodging|clothing_store|store|point_of_interest|establishment,4.6,33.8218974,-116.5492479,"175 South Cahuilla Road, Palm Springs",,,,completed,,0,21,false,,AeeoHcLzYqlw6v7_vu5mCq6_rVDomS-CHAWE8seLJAVdcBYdLqasraYIGGXdLrNTP2o4ZIZ6rwvtIyKN7DJjcRnJMr6zGsGZ-eZ4FrRphrXHf_XORRYUp6vQnN3Y6kF1Erp1QeHUeXuViTon2EImnprMhx1kO-nGV-irz3WbaXG4NxJN_ccO6ey9937NF3ry8uyVaSCCq4L05rbCLEGsNg15iY5QGUg23YKOl1I0BV4CLSYmRfFTSqZfrF2VMGeCjdfXu3EgkIv7D2fzqXUcDjNTCrp8bbSjLwRlhTAbzLutGyNACD99kb9hE3pePJGSvPZ-DPFIjWMRh3U
73,ChIJJfFmrp3h2ogRT9iXP-7HnLg,Naples Transportation & Tours,car_rental|lodging|point_of_interest|establishment,4.7,26.14061,-81.7929781,"1010 6th Avenue South #1, Naples",,,,completed,,0,25,false,,AeeoHcIFAqlsPraPoZeCPbR_7SRLcYm5Gzo-G_lcNuYLrHYfvaDPgYqrT0JI6VQsIlGoe28EL47wQttAQ90I1iZoAwxgaC8IkLGjTCGFkr6NuJoRK7un5iqiSvo7QAAbwcjVj9Y70CrkABfgCs_mA-cSI4cA79DHd6bn4P-qp4Y7tpYUxnUx9BSCRuCXRnFbdUXkFp4j08YiEeCH1635S_7tIhBuJq4rkVMrjvZAsx8UkfyzYK7GsHmE4huovKAvyqu-75iFPdc7ZqSJWeLjXQ2Sida5-PZF45Td_R4reOVrtPGK7WxOi96p8LqTy1ujGhOq0nbXuHBTHFM
81,ChIJ_-dbkrhFwokRfmRrfhT0AQI,Bakery_Marie86,lodging|point_of_interest|establishment,5.0,40.6283919,-74.0292001,"7908 3rd Avenue, Brooklyn",,,,completed,,0,28,false,,AeeoHcKai7KFf4zMakrtuxO9GCXDTI1bs01JgtY4HGZKGj80PXwMyidLfrikHLfXhrCORLH6kZPwyuK-DaDrVOjb-K2chdOPtiYhGhRQTC9nl6D7zGyOZ9tkVzEiA1snyAnYDAqGTCh60CMErRBGnMKIF2MY-o4HkfiFlzFdmyQy4XFWD4e5UpyMFw3HrYQxigX8dDrC77TbaEPQf8wstHzchSd-Djh8gzVoEAu-kId8CoF8A5nikAtOM2nRt3iPOcIdwS9v256n-Zyt6f4IdNNJsgt8t4jvMiB_-Sw-0EP0Ws9PZUyumKV13FTyqu9dqW3w6PDUuA4Wc9c
70,ChIJUXCB_p7h2ogRfNFZTpFW6c0,Club Level Suites at Inn On Fifth,lodging|point_of_interest|establishment,5.0,26.1417248,-81.7976908,"699b 5th Avenue South, Naples",,,,completed,,0,25,false,,AeeoHcLqEf39jW4vzap9lFBUQz5AesROCymf16UHDgQNMx-8XcOM0umuWB7iWp0wA5JmDutWdxW6G2N4_B__w1KIOcaKEzvTbCXLruxX3q7IJfF-Gzp0ZQhozdu5IxKHzz6q08__XDe4TSZviggqP-VCnS7rRWhoaMW4dSQzl6ThfN8NcLU8ylJc9DdB2h-ZX53Ie8JmTBDbkOM5WPs2RNBpR1DlCM4hPpQiS-4RfgmcbmagYm3nva6oAI5xv1lEOy56SFsvmIxwU0ZHikpxqxlOPhUSJVg-c1lFpEphYJHwq3hLP8Kmn1BL_JY1xAiewXdCnvfVwCQQw7w
71,ChIJ01Idrwrh2ogRHHYyV-KWsiQ,The Gondolier Inn,lodging|point_of_interest|establishment,4.8,26.1381698,-81.8011932,"407 8th Avenue South, Naples",,,,completed,,0,25,false,,AeeoHcKpI5iKJ0C-oeVqLmSL1Tm3LaDSlp9XonmgdZZ221zGM0_C3fNDktuL7V62MG_Ek8X2NyOABGUtv9lcn0TejFKcSUHBoXIgWUYzDyBXlQscQkkS7Hka0o4T_ZCLzia2RyTVLbV40EO6zqt1v5RrwgpERlY7x6ALHYQrBKLnPfHMSF-qH91k3hWhPnW_UAPh5fOAm_HE-MMdHZGfWElRMYPHllQ_ALvP2IBlIrznT7BQmTCrNPCvlCuQYN3QzT7G9aAdGs4lU4a7TVhJ19mTGJ2dRLphfZalYnXITsvjJpMy9gy0Jl_sf6fAP2CItSh1G8guiJ3vmpE
75,ChIJF6ro8SPi2IgRkEMs2lLP3fU,Italy Honeymoon,lodging|point_of_interest|establishment,5.0,26.3501219,-80.0710909,"1 South Ocean Boulevard, Boca Raton",,,,completed,,0,26,false,,
76,ChIJyxP17q3h2IgRBlEzCeRww5o,Heidi Apt,lodging|point_of_interest|establishment,5.0,26.3681886,-80.0925862,"1960 Northwest 4th Avenue, Boca Raton",,,,completed,,0,26,false,,
80,ChIJU2_u04FFwokRzjzob5IaDc4,Bay Ridge Holiday House,lodging|point_of_interest|establishment,5.0,40.6246727,-74.02041109999999,"635 79th Street, Brooklyn",,,,completed,,0,28,false,,AeeoHcIiSiUoOMTdecV7-yIzFAm_fsgVm8acXehrICORcT4JQHWtgKjnDqpOODiJh2l3_8NM8UDxz74X2BCD0ZdlchY7CFrKP_bpB8XhMAUElsjN-P3wc5JOwzrsmSbtOUukTL7yFRiLrUqshC9bULMotLjUGz9SEHwJqvCry7OHLy-PypXx9bSjq_iNYSHbjOlaKxckhrHN24VvvM8pkmUfyZlfRjGpN-5aNxGgALm_TTRM2PJPtk8W38nN6u5E-5QYDCi4nZ6-W8apq5q_n83yugwVC59YnYpV5Pu_s5FXzUqkz94fx2D-n0FOuh2YxivNmDrHeVJC2bKddlINqvLRs8zL51Juf94jea6ryidgn2LZBS0Dfb19aELtt7EMHrs5Om3bhvtb6jo2IIClK8ws57T-9yqfJcdRB-Jl6-7xlQUHaWt70UrQ7oEbIATF4tgwa28K5RN6Up0qAoqTMu7SKvJMCO31eP1NI8EafYzuybn4r5ZWB56vYOZrumQ-Exm6GQKfLPJpNnri33P6XDAsft8CshZZbzyZx86smfyFnSLSH1r9i250TOyBu41CDh0zDn34S8XvPMrrfOYpDndXpoF7-AwDW9AgBP7LW0VKGGYCT23CiTP8Qqv8yD6lFDbga6RZJpVvG9q8vR2h6hJQjBjD0Qc
72,ChIJF6l84Jvh2ogR1Tk3VNqc8eU,Bellasera Hotel,lodging|point_of_interest|establishment,4.7,26.1456456,-81.7945502,"221 9th Street South, Naples",,,,completed,,0,25,false,,AeeoHcJjVUJndRGmNMvwn01Bm5vx5frUt0C1bw7lICbv-BY5shEa69aBTpUby7_62a6TGE1mh8BFweRXLlfKOvaML9xhzrzuUUYeXhBRYVH_kCguABc6HSAKstxijGaJcQC-XL8VDqJxOlX-tZeFMBS15ZjZ0df4WJkvaSFgOBm0HGLOYDC5Y91zkt-91QuiOc1uuVjbXY2V9cEJhLLPI9ynWNMs98HnoDBcxoxBj47CPGHBe12CvrWDI9jXQhKnrNHZkhQPakIWfzoRO4QLM4fuJdMYXHwNEULtrg6MFpw-xhKfVlzCuKL2E9AZFpJ7rNJmD2h07ITMSIo
78,ChIJm3hPERvi2IgR7x2MS9A89ws,Hyatt Place Boca Raton/Downtown,lodging|point_of_interest|establishment,4.3,26.3500704,-80.0860088,"100 East Palmetto Park Road, Boca Raton",,,,completed,,0,26,false,,AeeoHcLfe0WgjWyhCXxIv9DzJAQdowYgU2tId_hikgmR4IPGAP0xgTwG1mvYsQ7Yezmhjyd8bgHN2a1Ny0I58cpucvwikQDlvLhofAbjsiHV8LLjY3tjydmIDtKM1hnNXEfwaq8xPzHduBgV5YqRGcEZ-WZUenUcTxYJY09L_tmColBXqwQjYtNWdgTAUJqroK3cMvbNtJB5KxCvfHCTBaz9X0mc7YfZhPrY2PUhk2np2Ku6yZnzn0F6H8QK97cRuKQ_C0_QfVrHKNGNTwLNVA6JOcnasl7CM7LiS1Mg6urPs4Y8zulyuw_9_FLXtCWxpo8sd6NzX7JaMso
77,ChIJRd1tsITj2IgR5rg0VLDaP9Y,Bungalows at The Boca Raton,lodging|point_of_interest|establishment,4.7,26.3480317,-80.07774789999999,"501 East Camino Real, Boca Raton",,,,completed,,0,26,false,,AeeoHcJ5fBTdSq7F8P-ZwPeeBkpwWQncJs7CGGvhJBAjqYPl_1s46iUTQJ-_7_TBrkiw9suw5BXWwoVCZZu0ZwLl8I1blK7YrJhBymYYu03FNZCBMtJiCiCDfLoFbDPGWgxpXMkBts8Rbd3GEyphxodhTWsvNYC0ly7ZuaPTJUdqRM6DDdMMWFMRMGR5O7LBw0JfLPD_IB5CYhMULrJ456hs_k5qrXYOdeq66MEsWLyRu0Bq3MxWpLG_U7MWEe_amo6tgQSB8ykAcc7Bpj6HhtWkPG_NMr3Hsf9dGG4lKkbcFr2Yro9VRPFaZHErFq3-sVkoAmacRCVCO0Y
79,ChIJd0xB9Yfj2IgRCieQIeign54,365 Ocean,lodging|point_of_interest|establishment,4.3,26.3538746,-80.0706484,"365 North Ocean Boulevard, Boca Raton",,,,completed,,0,26,false,,AeeoHcLaXJGYhDooSCIC1ZXMGGSyPfDTu6_vI4Z6u1MBI8eQ2G3nJ2P1oJW_z2ANJbf4SHnwr8ihzeCknpyjE2apcDc21KFCtV9kTg1vwQDaJf7b7eUgn9E5llqo6pP1BGUhF0jpf-IE0M9XSdwRdWncVd85gIPZ_drL0Ii-vyL55mu640vr8Jsk97dOWOr58sFAmkPTiKYHJI_nxgmchXJ9C8Eim0AkMhECMkoj2p1jT3d2syU2JkaD6GQAE24JdyS46GWhtQKvBN9m9owYdyNdAG022EJ_JfoS0wZQ5VwjGQYKYsuLwCUKf-atpgI5bMIRErdEZGPsaOA
82,ChIJDySOkptFwokRhES_O0VKz0M,avid hotel Brooklyn - Dyker Heights by IHG,lodging|point_of_interest|establishment,4.5,40.618805,-74.022375,"636 86th Street, Brooklyn",,,,completed,,0,28,false,,AeeoHcJ6AkYLMZkPSEKMVnwjmkZV_s5lZZv5VcWgcYFdjP5RJY42RPSibhuzLx4IPkjzw60avay2j70iDlHLJTiuUFrGiBndVNKiSAXdVDAfQlrKaASz0ddLZ8BLo4YvB0ybO343B73aC85_W2jkw4p4XTLEQkTkzQD9fq6J-VtLrOMAO1bUxRM-AD4zyZJyws8VJUDzUGLvsMKGM92JiG2_BbAXzSUiXN1_Ss_3GCFuCyy3Ns3TaxhtlrJCExIWr1EIo5FO4TATu5R3MXbCWs3elRV5HqtDtIsvQrvq3AL8Uf9IDgYR7IEk1kEE9xm2rwnXI24XAZ-zDn0
86,ChIJe8Or01Y25IgRee9NrjQN220,TPC Sawgrass,lodging|restaurant|food|point_of_interest|establishment,4.8,30.1980018,-81.3955144,"110 Championship Way, Ponte Vedra Beach",,,,completed,,0,29,false,,AeeoHcLHDpejdP5NZkwdkyp5ApY8z79cI7WhSL6wcFGTmoeiJ8a6nssnuaWDP24EmF6YYmP2Mjq6a1QOCjH1kPoEtP0BgGOicykKs2QpfZum4_xlnmHgsGlilRA2aHqMAon6r6Z1bkAoRFBu0Ag-8k-fxwhj9zah1Y43G8YH6SjjqmB5xMPDj8EJSp5H58Br8dpCf0RViopB4MdtDyP6gcNkWmQzb5AigXNm69SdKDjH6O6r_-9G8LzDRJqFxFBDQ8IRaP4G7SYtydDdNi617mhPX90T7p4SYAn7aTlJ6ORfpG3f_5Z_NxZsuQb4HPYeGWhJ1n2lAiDiHIeIj4WvRcn4GIipERzIbbeP11ALRWrSOoHIacVIu5D7EyihWNWXFiDHCp3OQWbiI4NsCNXw3qY56MlLZCF8tjnwNqz6MVOTCFYnafVgtwtxS5Isz97W_A7Zi2NkpiFzB_k42NFfU1oe_pnUYybbGMSpPsGytFJhcE-ySWX1YmjVBxpapAfMMD_0ZxMhB1pB8pHoH_0UiyCN0qjgzWLN8V_dxLDlNLQLe2-FVM_MpDhllf5ctKI809KRqkDGopqMJf8p1Y-92Vyu4XsHPZ4hoQ-eKlXu66rL-M7uJ1ezbJqnK2ap9EUCOwDccDdqpyH6
88,ChIJpzWRnFQ25IgR17PLMggH5a8,Sawgrass Marriott Golf Resort & Spa,lodging|point_of_interest|establishment,4.3,30.2030515,-81.384602,"1000 Tournament Players Club Boulevard, Ponte Vedra Beach",,,,completed,,0,29,false,,AeeoHcKYy6vldU9yt4ih2rZmjA3OwFlMlWhukq9_ZpyamPuQuQi0pPWfe86ahzMy87woOm9IQqMhRxOkIl8LiYPz6slfs--jiWc1cK6YZeF7STcPnMHTy70ndv51QUUsZ6AsSeofF7-mgMQZPD0Jy7uApZ83AbuiL4ykyp7-xG4lQ_-Tn7GPccF9AbolMh_pneRzvpxhLwyNZkmYF6OfEsjxKs9hexHAMMCpWkaW6IZujLCNc2wNUIpCISPpzAb1kfaTN8ksFB2PWtDkr9CgCFbLpccgGLFqLPNHWLjRGIllf4u89G5M2oo_RGunR6rnzZY5UqvSf1zwLrY
89,ChIJG3i5zqw35IgROjmC46O_flo,Hilton Garden Inn Jacksonville Ponte Vedra Sawgrass,lodging|point_of_interest|establishment,4.3,30.2053833,-81.38393409999999,"45 Tournament Players Club Boulevard, Ponte Vedra Beach",,,,completed,,0,29,false,,AeeoHcKoqmbt4bzMEQesvE_xGYXFqUvfghR4jzxg858zWpxYOTfXhVpeE2xX02Rfxbvgx2mITrEWcvULcLovu7-wlK-WeCUahFhNdza9zT7QWH8f-TQzxyxsJTkLi2DnbGCg9MI7lKxABO0UwXTFRGiJTNTwx1XeMQaBxqbiNgMOqCm8gvP_jAzGxOQ1xMsax658HChJK66AlGIMg-8oztmMcQzS0q8CiF1r5Nyyx4GmCYNrGhpj1B3yCdpOSya_SEVwN9XSfYIN1XPKlRMMr3zchtnbBi010sSiSrF9VvhD3cWFAkm4_G4OcqkOLCAQOpx8uOihwldOCbQ
90,ChIJpYIgKY9ZwokRMt2wXGRZ1fg,Crosby Street Hotel,lodging|point_of_interest|establishment,4.6,40.7230126,-73.997417,"79 Crosby Street, New York",,,,completed,,0,31,false,,AeeoHcJoyTeXQDoWcPgYpP2qxZ0ew2BPrgAEbxzGYsCTKe9yy36wXKtiqx1Y-Tb9T4oOxKMsn7BSKn5wmcrKa6sXywwddMN_CYd5yMDMz__FyP5MTz7nuMU4U8RZChc3ma2FVPqy9HLe6yzIXQkIoVN60OwOZSRcbsuBB8kDENXZEYmCiUky67jvTWht7lORY3DZOxgXjXc58iklcjQ_Bnr02xAKFzHI6shmzKC9qD4XXbESYQys4Uv-A6z6aR-8dgpHY9M9Hw6x6QcgNljf5P0p6XxgFS5LRhb9UiY1rJfoXL3aBgDVMz3KGE4wZBaGZdMQ2i8LMdh3QPk
91,ChIJTWkuhfVZwokRvaommqZ2oqA,The Greenwich Hotel,spa|lodging|point_of_interest|establishment,4.6,40.71982200000001,-74.00986069999999,"377 Greenwich Street, New York",,,,completed,,0,31,false,,AeeoHcKpK3RpDBVA8e4_EoidMyXmagmon07_ljzdDvmKSyHu4Zwib_Fwq0TScnxTCAZ7YklE1GfBmtlbEIepY1I6YtPcfRIUnbLeUpZ6MbHIAA6Ka3OZlz8semSuo9uwWGRtRach-WRbr6YCKzBwge6aCJYFVkHydR_ke11rJDC2GdyxRBkPNKHZYh4kfYX6LJz6wwvW2qchxX-gG2RvoE1jAX-s1ACv41ay_ZAHToJ_tl61rJhZ7oCONVSTo3vnEROCJlIwF9F_wogxuC34W-08LJAi2CC6hw15yPMabwNmpL_UYDBlyu0uMMjewsWOdep64KUQleJDaqQ
83,ChIJLfmFaX1FwokRefN8v-XTmPw,Holiday Inn Express Building 107,lodging|point_of_interest|establishment,4.3,40.6118817,-74.0282312,"107 Schum Avenue, Brooklyn",,,,completed,,0,28,false,,AeeoHcIJ_zUVDP7KVLrCDWfyhvNE0nIJIx8JjVa5opXnbrkiy4U4QsSOpPXFyV3qnuF9SfH9mjUar74dGX6oM91bfSeJgprSdmCiSqmKjEdHwT2gtK9EBrfP--fC0PYArSb9lvx5MPq92INDJTPYOLQx5kZQ69NVCjJyrl7eVAQzPamdVAln11chhE3d03h5Lq66XFrbEeibsu_aarzvze7KQl1mo_BXkrO1KTaE5g9ecoHIoaY3k1jd312f-UpfVypR4cX59dphkDNwXET46tXMYXJM1YQUOAT0QI0PjnGZCRSCxFsFV4QtQLe0Vi3fw1LnmpYAJqKYgDA
84,ChIJzU2ChOZPwokRkIPn6ctme8E,The Bay Ridge Hotel,lodging|point_of_interest|establishment,4.2,40.61881,-74.0323824,"315 93rd Street, Brooklyn",,,,completed,,0,28,false,,AeeoHcK5j_ZPfQbaMQRYStQpsLPVfwc8WHLFmx7KbEafIftxQvUcPrLwk0diC0JzDhXioHdD_eqEBnUa6KwzatDfFRtL2udtTGaFi7J2urD9Xw1SztpFF_AREt2WTQSLs_ylQxHjVFQ3EkGyXXewHWx0kOVCJ0D0tN8YhNBQQjmhJhHyHtaFMMq_XaMYF_3bu4tMzvRsrFtW_GZhmJ0WeDLy15jJrO42zX_FR5AU652OPbIlXROv6gShbaHoPlcPsfucJDMjRZTo53Z-7xuepMw55OijDuc-e6mlIREXogtoklFPdP_wLwQHOdxxeX4wXAld8hVJaEG5IoA
96,ChIJi-l8wPfDyIARwVNphCouqZs,Palace Station Hotel and Casino,lodging|point_of_interest|establishment,4.2,36.1429464,-115.1749359,"2411 West Sahara Avenue, Las Vegas",,,,completed,,0,32,false,,AeeoHcLcClc1FrmBmPZBYjIa4cUX_xH1cTduGKZy_96feGbd1ODqgWbG_mugewq3PMwK9lhG0qp_9ak47mgWJAXUDHQeZs1-CjAE-3d3u3fBvjzO74msZ9lR3tyjwiIcxdwanCNNlH5Wl30Qt4ZiRb8GlxrTH1z2tZBosTyyA2JfNwnHa0sIHueVbbO7o1FrpLAJx9q1KTKRAapCEZ_fa_42W6psPx-7P1nFI2R0XQPW0GsOOHBOBq0wn1fHMUQcNVQAWlLPhed-lF9c0rh3P0IYDYkdZdfn7xSBWGZ_Ecdtn8SpMk1MvMXzca920xOjXgqG-Dm_js9pfek
98,ChIJVzwM4AfEyIARy8MKxRwlFG0,Palace Station,casino|lodging|point_of_interest|establishment,4.2,36.1427376,-115.1751303,"Teddy Drive, Las Vegas",,,,completed,,0,32,false,,AeeoHcJnZiLAVMVINIn4PuBMsxZo4KPYpMwFxyNHxP1XA4wJPw4pHObr5Ix8sRt2Td5NTH7BTcAAvIjRvLtSHesUzv41JzoGoVCW34qgXS5pUokG8vJDGFgZy6HU9gLC9FLmUH-FF9rEIyVJ5-BTLfObRl74oWU3ykDhXrj2AeI1J-wWmn0-Mj3JFULnCxk5SY-W0r0bQNyzSUhawSnNDo86wSCkDDJNaLIfzsBG1p56jJklOEP_lxSfNHrYLtTKUubAHJAB_ZsoKdyM96cGKLJFzIRFUSzPtoTZNcbktGpA7W__G6M1NjAKnRPhOPoArkuHt393qzNntLKX4mnjWdL-CHYV6wNkntcdSyoznphndZSIVsO7PB5vj5gkMfIOKpTGWYY-AeC9bJfyvcZrkqtsYfOr_AobEZ_6EaQbAtSLyXA0h_fxNGBy2Y-_1EifXFG4n_a24O9qwm8lllHaFB9FbsreTM4-N1IxeNPLFvn_S5HXbSL0zcB-hQPnGERzZbkVdz4jkubMZqToVZ7RVWR1THZehPAPT9dgInjVHWL475hHJgIgSXEY6VNYeT8BvseNQtEk6mh3JwvxCxv6Mas8qIy6KW0KqnxIgJAQJeOYhC0XgrFuNGr2kBKZPEMyAb6KYFP-0MY35uMCtIfpgsdL4-zzTO0
11,ChIJW1IEmYmVtlIRUHY6iolDNmM,The Point - On Gull Lake,lodging|point_of_interest|establishment,5.0,46.4228823,-94.3617357,"10408 Squaw Point Road, Brainerd",,,,completed,,0,2,false,,AeeoHcLkFhFXO2weX-dHw59yQrWwN-hJbiFw8N5TlJvEhdp1J8IngfaMHBwLC0x3tCKM8W9G9bQCEu0dzAruz9tUJZmuMBhaqDDhcQR_ojQ3DK2Nr_y7MHbVHWy-EEUtKz6gjwTkhigYh6xw7Pgypd-2l-C3ro2ov40beG8qbTwJMFJ1TBxy-5cNnO2hVlwQYAXVSYkyalohtK7Ett2emMPs0FEmcrW0SsVGXVwwumkK4z7P5mCUTxQtJuB_W6DVHK7mN9KCXLXF_YGoLQ7eeFH8IW6PD0VFwtIqYqGpoc_ktKkbVsHmJEwOlTQZd7B2_mwNh8OCHfaA
93,ChIJteYXl4pZwokRyx61ICQfyH8,The Roxy Hotel New York,lodging|point_of_interest|establishment,4.4,40.719404,-74.004902,"2 6th Avenue, New York",,,,completed,,0,31,false,,AeeoHcK9Shd7tzs3KOQlgxQd5TQ3ZFyAolaoAPZch6YSI-_7cmgLNAZA8a47kNyp3UTV3jh4KZGOO_NuHswUtZu09Z2VpjlxsuR4IroPz89PGlPnZ2AKNGAmXORam1hvDmxr4pcTEi65qYvHROtULdgphSvgkayt3gHghM557ct4JWHcBhVM5AwFF5c2KmNfUPoGisc3q4IALtaxySa3zC7aBudq70mLCdXYTFsswG6J2C2ZWAEzY1t4wOmW2RhxuTJP_xXR54DUQvNiWnzlRX5uCwPDmu10uLgyFIdeOYKB3NG2w-IMlVRBnRDHY_R3QMZMWwZaclrdSCo
94,ChIJGcnS2CZawokR2T8vG-n1_5k,Hotel Mulberry,lodging|point_of_interest|establishment,4.3,40.7153105,-73.9994984,"52 Mulberry Street, New York",,,,completed,,0,31,false,,AeeoHcJump_fWOnLTWtO-wdKjEj7TV1KwhghVOTuwmIPThm0gkJFPO9BEuxgIVXspCcKPkhnzvyq4xuxXYiaOT1MhhgI0-hNuFOlidtAzbdoAJcZnBBnxAovWJrDC1iDTlY2d6_c6Z7z5ZVfCxvAFluNExB0tNKB8_jmtt1jPOgU5P3ybmoviKDnQ6ALyGIToIpjvcUXevGxCBtmGdkX_-oFX7QRimP42xRlLj41xLJBbrW93ritZWA0AG8P9llpTTA6kNOLycHYwNEpcyb1w4aGZOd15Dd4byoKV5NyDp6FoYEQzdcoC0cbvBx1bG5MOpOzWlYR9tpNJXjXGz8io3qDCiPqK0QSSsgul6PFEUMPWrUwLo-EwcV-2IXCdy46HkOjKKnVgax8L3HT9rcJZzU59netfVbhXgYe4k46fQs8VUzOtm1gPJqqf5MQXv7AWgEpzwM8RZKbvo85Q-nZSDIMecAuJNET6VhH---C_NobnMnWtHiUEr1-709Jx-RimMjZ2iIQrCnvX_HMIFy7THuv3vX89oMAX8ndgOvJKNMnU9yOfklSLuCeco83sdPjx08-rGCXxgmVE4wJHH_JdAE78Zvzl7ambfXiIPJRf4xLm03hmExuBO-iAgh8hcvf3uQib-FHDA
99,ChIJn5VZRwDEyIAR61A5YnHCdXs,Las Vegas Meadows,rv_park|lodging|point_of_interest|establishment,4.1,36.1384933,-115.1882073,"2900 South Valley View Boulevard, Las Vegas",,,,completed,,0,32,false,,AeeoHcL3NbXlpQGzeS_eHvNSJbrhHGr7V_lB81e6Osg0qym51FA-fqsiP0fck_5OmJb4wYnEHq9LU1fb11mh_A7EokfutB2K_DnZfb3OMjD_mEwagsECachMqgnFH79r2GJwzjn6GdLWt88UdrLZcsSeehrYtZCj9ZPJS9s7wOc9sQiCa0Gu4ElTmlqH8RIPOIHdfjrtYV_235r-SBuZ4itXB0AH-np0fVGf1I-izBB2Ym28nTl_nSawrM7FsrZ5u0IYj_yC9LnxHTZLknhPDy-EYVkH0JvBng8irnEvG5QAZbh19MkNAUuuidrrQsG-iP2FghOhhp_9BPY
95,ChIJCXGjSvnDyIARBZg68EoIWNs,Desert Regional Center,lodging|point_of_interest|establishment,5.0,36.1451334,-115.1832202,"3100 West Sahara Avenue STE 204, Las Vegas",,,,completed,,0,32,false,,
16,ChIJKfJm36xpAIkRd2oL1bpvoi0,Holiday Sands North,lodging|point_of_interest|establishment,4.0,33.6868171,-78.8842662,"400 North Ocean Boulevard, Myrtle Beach",,,,completed,,0,3,false,,AeeoHcKjVobXDBuc5IkDHgMu-DvZ6LpVIwX8dconj6Mq97Fue1PRERybMvuG3h8SFsZFz-dCRNE9g7czcgU_91CqKZCMpB5Xcy8ql5KCfNLoyx7EDq-z0gTiLcClG9bpcqoHF7_0tupRvJAryxM7fbclCeDy2vXMvQRhzOJ6tp4dAYC0Vw_vraXAnEKLpMUGXc7Zu4ogXD6khZm-M36pv0Jm0B4Fpn3r6IqnnhryJ1AQpAG9BGfGgvHfjsSqnLaBmKxMMCvSlOm0MKWxPlA4zlPtrG0rRM1xsmNCdktsfwsy6ifPts2qLrvUkNtyILGaCNSlcoYswxoZYMI2iszCWJziKcsMw1qMllPOaMOJvhj9nRlDbruHiGflRk3lXi1lGyPn4JQy9Y1ibQCY3oF7VRY9jLCT8N2RIBY1uIkMb5RQ4uiWPn6sJzE6jQIi3u-9dYMPdUMujHPPkZxC9M8-iSnJMe4H3QNNXWIxVXO4DvPZs2WO3olVS-StZQSYt1GDRFLHa1zejDnocIQvCj-6iNdQDi6QF52GHeiTSfBOr6vShLB4RStaaOBGv9KqXnOVWTpCdEuyYldMLFHNVVYzQIpoz1J7hJB3xQChBoerPsHIPmxtVJwZaFh_6ergqZlZVdhazUFExzRn
97,ChIJc6YP4_jDyIARZu5yr9p7cpU,Siegel Suites Sahara,lodging|point_of_interest|establishment,4.2,36.1439811,-115.1809133,"2829 Sahara Annex Street, Las Vegas",,,,completed,,0,32,false,,AeeoHcJzVN9VhrZSwcGBPfZaFIcCDERmAmCw0LKohCxSfRDM7DDRlX0q16aDolLe334Wq4Bg-J437X4vqc9L7dd0p50dQ3D3KFovnks1IkrUS2chZfDYk2LBDlKuhQEAYexVqbC2vtlsVmP6Uqjhj9QT6FjTvMH3P29bJ29FoanDIADYNw2AEyIl3I65tL-Ya9wp_AHTJRfIDP41PzjQp88QaRQX71CSN5l-x6O5SM8ZnZY3ltg8fhaF8VCjYadxZFvKfan6uOMKVZt84-Y5eg4fvKEL5XbvwbWMQ_p3TtWXOFBmdSJQhc7JmAyVqihui9kSpfsf7tcjPjtM6YkbxxM1QYFHmk-3I95g235Cuy6TDslltGk3oe5Pe6abQx-FZzdmZ_fCl8S1Nk2h8P_O7zbBL-1-frXHMTYs_mH1ictvnUmtM3_WK0ApyS-n-nVj66bdjARDyv9iUKNCJ7hnNsLkecMO6PI0KmGQjgu8BpSgRIl1NtRESusGNPFHuKL-TcYOALLp6MnGR5xYimInj1x21jYddHWvfY79hW1N-2yVrE1MLMvjemipSWSgcUrIXjmvI5JEzpXpX8I3iKs4LSC9szKh5bJmBOK471dxNT4SkXirflQLXNy0nW7rRTOMi3oN
69,ChIJcZpQGahU2YARuci3H_Y1U_8,The Westin San Diego Gaslamp Quarter,lodging|point_of_interest|establishment,4.4,32.71458139999999,-117.1631935,"910 Broadway Circle, San Diego",,,,completed,,0,24,false,,AeeoHcL8hiT9v2zASIrXzxOJyKCdaXG0ulb1vWir_sWErd51zNlqh7Zxb2anDtnB4tEypmYHKJP00u_8rDlzLzjI5IPoDH4Tu5s3x3ecnz5CLYWGADWKvV3xW3x7gtpRVIybBUzXx--bkRJAJQHiSlF4nLWiCXcrz-WF1twrG8w9Dn5YGSIfDOTRp-4OnW_gW0dXq3zBRzsDCt6dPZPhM6JNO_CAbgy6PjRQw69t1SJIBLqlqWuRQRUmXRazxxoZX8-r6fiT6jbVs5q5dHKnsxSCWxTn3zNGIWFC1I91eEMVLkFN8drW0S_iGoQtwtSVYYGED_PlRu7jhy0
35,ChIJyRSw04Icz4cROAk74IW9vGw,"French Quarter, Spinnaker Resorts",lodging|point_of_interest|establishment,4.3,36.64819689999999,-93.290689,"3706 West 76 Country Boulevard, Branson",,,,completed,,0,14,false,,AeeoHcLr4YwvZewzY1Qu2KA4Ut4XpAXMAp2XWozCL1UOWuT23OD7aLgoAOpYit-3cF40kxhecyg6ptrWwOLoAiuJcRmYYJsPLLWHgstv6yKMledbroDyOaONh8zGZoDFEp1QKD77hNks2bYP9GdV3omSHIas3XavbYpcJm49xaq95IDGfU8SJcz5lRasenWRx4mjOhQGEClcjnXn0IEckPrvmQKk8lYwUc_gc-KTied8anBK2WrQZCaXyNuFiLtGLIZw5yULVees7Js8FDGCk4hYgCO_KnZEsmiAPBom3HZMY-ax2mIG3j-vk43rUWFvpgMJhj2L32wq_L8
36,ChIJDQVuRgBbE4cRgCw0rrFwT3E,Broadmoor Hotel (West),lodging|point_of_interest|establishment,5.0,38.79074689999999,-104.8527218,"75 El Pomar Road, Colorado Springs",,,,completed,,0,15,false,,AeeoHcLgKzX4_i_GGG0NNbsPYm_PlMksMQop15RMDv2LQVfFDUcLnBScEeYOCabyor9d5sVr2OMWVwpjgFyv5Wq-yVIrKmrQWqXQzKjth8AXvxP9QJLCEVb1cwUGAwJss1aMzkpFvm-_lAPquVtZwPKydQ1JwPtuC7GcOCx7AZvfNpjBBfKTh6VVdhosvdQCMAS9vIvbVUMNvbxInauNqpMfKfPJnEd9c-Tk3LyCzQnYqmG25b4CCZ-GuHS21thPqY0orzgblNAOaWOLgMvguFa7i2NQfvTZ4dnMj5I-c10AtyC7G0Bb0MNhrXTz_A07hnWDGs3vyj_jtb7EhkYCUz712Pcdx2bu8Hw2Qy2ouv8g4EzyCt31w3uo00YwUgU8wWDsxiyaWGZSUSNvYU6gWM6p4K2viF9iMYyF_TnRu1Wdt50JYCE2n7L9YQ460btC-5wwtZZcd-BRN46tmEIu2CDDpIWT-5t-YQQcFWjf3rhh3r-t7RfTnoNYZhAzS1pQFngFn1WdEHlDSGmB8PeBV73ngLveyb9Z7J5iOHO5zL93bGlow2qA2n6SqNY3EDwPPJsRX8eFnki_mZaz6UTwliQxmg0_XQT2MMKePPJd29FiJ7fzjiBiRYuiIU5OLiKIb5eCHgGkIw
57,ChIJ4ycPv64b24ARTH74wfDOvBo,Palm Springs Tennis Club,lodging|point_of_interest|establishment,4.6,33.8200193,-116.5539265,"701 West Baristo Road, Palm Springs",,,,completed,,0,21,false,,AeeoHcIHnp996LWD_UM9Yb9bk_2c9qcbnM6pr4pwzCVP_S6D75_40JdA6eO04EJnLMiO8m4BNDjM5Rk_NaIZLIhlOa7RKspffdgCkWLR-yb-lddk0njmcGE5qLYAwytEmnJLkzgFbiZCmBOP5JfM1Xyldn82gorrYstnAblno88lkDrlQSyR1RNOv0ZjvN1txlE7Z696xmyg0mjSGQnqPjInE-FUHiokDgprJF-ySEgnThgm7WusqkUp_Kn-allkMpcyb1UWWEWmaxGH6QaErcJmUemB3tRPzjTiK5Dkwh10O4W4R1tlifVgq9oasBOS67NML3Y266PXSeE
60,ChIJUSirhwJ754gR_XutGsASMvA,GLOBAL ALLIANCE COMMERCIAL @ EXP COMMERCIAL,real_estate_agency|storage|lodging|finance|restaurant|food|point_of_interest|establishment,5.0,28.5382119,-81.37552099999999,"401 South Rosalind Avenue, Orlando",,,,completed,,0,23,false,,AeeoHcLTy3tB9KGXll6NHfb2XFYMttLJQzqDEhdVIW-KTxlnh3tu5fC_ZD3JrUc194tBXC26ImCyElWEv7pFueg9xLkuQ283FSodXJkX74JSxGUBULh8A5nEQ8OxHLE9n1oahMbgyAaTv58I1C-SiGSpMSpqoIran08e4XaqKDq1pea7CbSbEBu-R99w1Y93-SEukpN1gOHQDxESyPqciW7XySO7e-c7LTHmcAt7LAPvl_mQ2pnLgofD7OjhVnooDG_N3O7Qo9d9rzmrwkOeRbJgK643MpDkO0B5vNDm5SpAl3I1tv20q6vSov5gucnpHqlScnpYcSj3idU
74,ChIJw7r2c6Hh2ogRpPm5_grfKTE,White Sands Resort Club,lodging|point_of_interest|establishment,4.7,26.1434127,-81.8036975,"260 3rd Street South, Naples",,,,completed,,0,25,false,,AeeoHcIm9OqRkLBnMgpX3scvDZK2Fbd6TJJJUaWQ2O870fELc5Qug1-OeAIzYwN4cy15gPbe-FRcSveLIGnQRPVYpnyZ0eMD1JWmRYCJByfwtY3quXm5rjPjZ3H5W_dOAjV0G3niVUGzghFiR_r-9-w-ooEV4Bc8zsVRMy8zZS3wB5uUB4-OPEV6IdMH3nzGkjZSot9xMwBixqB5OKPehpkq3km9iYxi2bGMUivljerd5ghQYXeSr2rEczv2Xc8uu_0qEhV27NSVCX3rbQ3pXpbPdhhjmINlSrEqTo4VIwk8tVmmAcvH6PwYQ3gS_N4cTk9hSEFVaz-ab5Ips_UCxixAQ_LK4FBJWIuppaRypBCmNhq3FANnki404baVqrx7Lx6ANOihClNHH75tMikUQyeEyLjOPtwlF4IQUugXsUx1rxcQX3GbS62Kx_DLnI6ozgir6XN8mciTWOSb9w1na7mgRJR8iTnLFlBKXU6u1uzBzB9Qhp12sYcQ5G1BqEp3wUvCISdgN17jMEXHS0VoqhX032o8dUGzgGxpcQOh48gG19YDnHdqZLD3dmk6rpKNZO1MaFCh3aYPCzle9bNlYpQhb2TX6TbZb9_8yXbYKz2dgg_47BAUZohYjKrEdc2YS2nFJnhJly9Y
23,ChIJKQ907s2gBIgRhcuNHgkT5Yg,The American Club,spa|bar|lodging|point_of_interest|establishment,4.7,43.7399595,-87.7810471,"419 Highland Drive, Kohler",,,,completed,,0,5,false,,AeeoHcKcJ_R0n8Xr-qaYOGiSp39fk0SqYhUA-S_jVAIYKEw5lRMdkWN3vV1L1xF4KRtL2Sa-2VxbNtMTyOLcEKsiq8p9w8PEueYZQhCIWQUaaNbtor23lkrmZ_T8s1iF9MiUCtE_bXIUuoJ27tX_3N0cGzFRR3GhtUwaqKutGIKGdQiCdrjVj9Lm2VDdj2KYLiiVVje1HEMmaeJvupJP_aYTmjqwuuNz9QcQkhBq9ZLZalQWuhpBUHWrhXI2X7odWLYxXtCIawQdb8wv0Vty1vvodctvKfJydRNcfPO-_ybVo_54WHIQL_fIjxIuX85DILdV6vD6rE1uh4E_3fQ7E_O6ZI8ok1fljqzqccE2p4vdvhF_Z1ylPKXzjAj3ZZ7-1HjWJMWwGpG8AQEmInGLJZtK80S4dehR86U9JSnkJFEpwRv09rrV49Z-xptgLPYBzKYaKRTHPNVO_OQXdZ8xZrRl2j5cv9IgU62Kv9UpAD6Kf1mIqftMcO9T97-QjndhJXBsx8GBEGDkY3Fm2cPc1O1dFoWAS1lsZtigYTwFA9Ada9E8I68NQTLJyJz71aZb3xKOWVAPgKBmya4_mfX0p8vqSv5beAVjDlW1j1Z0xOjbvbp53myiGPV0zi4ZsXs8NH-HgUIXHg
87,ChIJyzx2_5035IgRs5zWiThg4H8,Sawgrass Village,lodging|point_of_interest|establishment,4.7,30.1998912,-81.3827803,Ponte Vedra Beach,,,,completed,,0,29,false,,AeeoHcI2oyBVl6u64pVImXVuq0xicZTq-8nJYWxHIgO-wLopWWr0DA-y2z7rKlcyvIZ8AFx_EkvmceZqF9Ynp078AmHQBhqOr31lSu8hMjpZKhLytP1NFgaHkdzDfQ8I2ksstF1yD1X18Lsx4eJASHwGmfG4LZxwz_1UrC7GSpRWuxoJxTuaZUuDPDvs5OJsDoVnrIQ1nTPPVXwcUULv3stWT42yekHR-YWMj3X3ZxdJxc_AHK2i_h6-SmaAUVrtkmshQVFQQWhcxFTNg4a5OwmXoRv11nhF2dW3-1gwj4-XQZOTTby2UbS4DLiX64D2guqpnFK4LL98BwT_F3BICsFPMrhOQ22O5rRJJqz1NnfyJ0IWPYML6jQNDfL2Ig51vc9zee-QQ_pBh54LdA7BQpJwpCMScIl34tHQA1xcgnZ9Ra3ZUxwY73oekb302jdLte9UPANlBcWK5N3Mtx42VNqsu63blCHRq1PF_bZ6t9I4h3VZZEO2v1UdOa4eQO09ySs6EsQA1S-rGQABL4E0eOQdCR8XB7OXajaKvoNGhwnnUinSo5EWdFuGIVZ0aTLMFNh8i8hhd33rfMMgBQ6vXuCFsHEfuWUShkTucbTHprwoEG1Ot06StPI8PrtxaV6WgZk6Pn4-yw
39,ChIJK_U5DQBbE4cRRjJrOCeHjzg,Top of the Escalators,lodging|point_of_interest|establishment,4.8,38.7910653,-104.8506855,"1 Lake Circle, Colorado Springs",,,,completed,,0,15,false,,AeeoHcJiHX4kjMkSI5k_r1qNiWUf1c2v7akmboP0v-cAXTW0cfZNzC4mWIHsZqoLjjXvrNtDYnDK61D3s1absdU6fUA-EWdrtu4n7hO1ulzTtmWZGe93Lcm7uvT4xvVztGUGb_TVelvuNM2ft4gil8PmsDfNx3wp5MmLz8SgtdX_REU3y_QfvzSNkcptwXpe4Wn9ENyuTXFL336eHkwxTq2jcVvwdXQInN_RO3JiZK_3g8Tos4gFXxXNIYiIiZYUZq3kM8VCZZ6sSQZ-LezdkzCtasmqtb9i0jMEO882eXGDOWdC6wZvT6Sn6-kdUYO0_XABE7FlIGA59sF8a6WLn7-h1yshVP1C2hiE7dkDsjFIiAeWmli8iPXcgq24gLDyYmtx2yHA3IfbkLdH3plaXV5ibv9na0bnGquT6YAK_akhbzvG8In1ZW5YHSmzFP88xlM76WMDTHhjTencBjQANAgBQfVL9rrGnXdoFKWfUUp6YIB0kQkma6R8MtuLiS0sW2WHsPQyeWSL-xqBrMASvMPoNDfEl86Fo7TRIS5_2c914gQMGcI6o3um2xaIO4oqgR_pnze9iRQzbEPG4bFedTh3se4_2jMzBNBHK6uu5Cx78HoPH9C_B9Wfc0wxz4bQb4iWgfvnHM-y
85,ChIJ2ZfYRwA35IgRn8LkqxkHOmU,Sips of Sawgrass,lodging|point_of_interest|establishment,5.0,30.2022773,-81.3854127,"1000 Tournament Players Club Boulevard, Ponte Vedra Beach",,,,completed,,0,29,false,,AeeoHcKABIVqrK9r7c7kbD30nrSF9Ne58fhl4haRxnjYp35oq36kCTLsAQ3G-U-nxEUj5YVLiM_J9YdW3txKn2F9TEOkbFVGEqrBx3EVx1CQhCAJ1PyIhs6jShmvICULupB1lDgwE1e2d9YF7LCWdxBOi054fJhhOuWb84oXJieiUQc3FhafdRSkh0ayFQHpnUQpHaR_QMpKYtsw1I_d7ha0sWA6fwSn5Douno2R36Q8e2XWbFzsnXzyN18mkZ0gg2z3hBXQQPs98FxQbI3K80Iy90G7opw69cHw_CcxTiVDmd91IiqStqcDGpcB2AFC8rZl1WKU2-n8CMMi8uJA8lLEnDLdRD72SvdOZo2pIA5TD2COspJe8n4J8Vp-pTB3Xspf3PP99Ul4v_np1YB1U4azitv7wpxs2Vb83q7TILC7d5SGHWQu7vml2G1b8X8Ibg3YajIz3rGC9z1p5WVGGMjU3z1ttIyJP9X_OkucXC0Bo_vmSjE0NPywQapT4uLlS6Pcy-iA-jpIKoSWDqEZmazmvwDxCZ-X_Z4rzsO3mpkWpGqO1lskB9kahuyZQ94jT0URfkvt38VN0P-pXodcZlasak93HTFYwewkJCEMyuQCkY0HBSmSjLgH1LiJxlFdYB107OcvS7zk
92,ChIJzyx3-o5ZwokR9DTHgZ521n8,Hotel (The Mercer),lodging|point_of_interest|establishment,4.4,40.7249351,-73.99851509999999,"147 Mercer Street, New York",,,,completed,,0,31,false,,AeeoHcKt1C8R-6ds79EwWANvIzoVAJLpbuhg1rmnM1axpjDj7aFTaocT4qoVk1WOJqcxc2jlMh-DGIJxPgCMqMLfE7INMoUEyBs13kpVMmXbaWWq0NARcFJw6kuejIP7NOWczj6CqVXIfqKwXmpPhXslGdJ1111EgGY1hQ2SYyvXWokG7f4Lph88X76OKMU7T8Ua6eaCZxYk4E43mxTP95gINZNUzd0u_oyCQS0gjHRzVLcMIdn79EwR7oZUIPPq1G2ccBFD-MLWNkB_LlfTZkv3kFYhie4OGts0iDKMw25tWQGNg354pLQOOycjzmfgS-kN3BY2uBgRAB2PYkIubM5ZhTts09vXat8c8HGBt8gqCQHmycuTRw_hqKV1Snv-G17OW0LGbDAWJiTo-JMuAdIVkRmPWuTMyzDLSTQI7npbSsuCm9jXoiYLEicUCuNBKWVvIn6DYpIWtwUloeSFONvzMDNl2F3ol-qixPgwR9tbTKZwvDt1Y0lRNmB882wc5JnjApGtSBdoWrawEEaeS2ESQb9CbBrADxvLi3Apw5Y1MNJiv9j7oErwq-WCOJDR4P2Z71nBPJcA8cJnt_lSRL3KJIaf5ngvSvAs8Cj2avabwYtttHr2RwXrq4pJkBHguyiJ56rc--yS
46,ChIJJ5iab_6zVIgRPBdQ2_c5lPU,The Care Cottage,lodging|point_of_interest|establishment,5.0,35.19813060000001,-79.4683568,"55 Community Road, Pinehurst",,,,completed,,0,19,false,,AeeoHcJ6KaKdTa-bcxezusGBEtDUGHIL5N4LDn_3qAuy4pQZiIHFzbZxYxl8xjMPe6S4NcExJ6-Y4okd2qpOZ7If37363BXpgSr66FMp-r6EhVm-uafGdhbERK8wec1BYlHog8X_sgsUQgoc9XvV-N5JnsIfWlVa1Vum5ErlZp9MnLvcFMtwbptrnX2bJib9-9wZ-OzwUOWYQB9-eRjNzrBgw_UPreMzX0Rb-g4p5kLp5C3Bh3xlRk7KAm-U41lhsmcaQEHAUYCIylZ9C9zu1DbiWyixlZ2p51D882UJoRSn-8PDLc0vH5pn5aJQSIqUZXIYtpS1Cdw_jAn0aGY_toEYoZ8AyOS2Wv6aVPIS0vMs9nTpyy1U7QgqBZ51Q3yViG7gjNb5nQZ_dey3Ik6hSh3-wpzYv6pphu0Ebba3ibUYXU1mu5VQdHd4phVB9obMYdMJGeXsbRDDzGNBMfrsvG3CDiiEH5Fd0UqwoXg_QLtZPsbLIIY1APJ6GT-Xm_liXH2_9goRVhNCcdJsHdE2RyJWJiHqtIhk76hm09NPTTwOgSOM0XuAijRml6t2CcXHRjlp8ATUBB-BTwwAnIq1N2wOesuBOb3trhapk_skcoynXvjfnnFZHQjsvsrA0r06bFAaC0XHFrBy
51,ChIJGxDI7KvU_YgRz4o48I7i_x4,Kiawah Island Marathon & Half Marathon,lodging|point_of_interest|establishment,4.7,32.6038845,-80.09454199999999,"1 Sanctuary Beach Drive, Kiawah Island",,,,completed,,0,20,false,,AeeoHcI1Isut_B_LnePSwW71Y0tWgWNH41qa2K8xyc2lXkQOJy3cXzoUJ9_zf6jc30OOvOq6fAyqUYkWcGZrhWKCxrEgpJjfflaPuKaN0Mu17eDroALm4H-s82nxtTH_TdahbrQKsABMgmte_3P4b8-qNKpYUaEKIHr6ESGVlC0o4_hbvRIX8AuncvPOnIsVetsGpKZsfwXHzsuwJlVr6bxpzgzlQnyp46_mWF5uKIiut_Tt8tPQK81Ec-RFPHPOf76tbGUorYnxVZo0dF1SeecGzz1PmTYj1dQgqO1y81RI7jQsAn7IFcFP-ojmK_z2QdmgA-kJ1FNiV6ZEbDmKNOrwshjv03NMohrA0RFv9KAxJ-j5XnWVSOCEiNtqyIeD8G5y4LL5-oCQZUGDtkfhWrEbFAOQYHQSfOfBewrQThZge3-LUzhhT-KvHgpxx2XFGKAbw3-IWVXRR8vzyctEtH1geS1zeK33Aq3qyKe9UrDeRIJEVJvRHBwmnAVW0v32_S5_Wp-fN4NhbpM_PrxVruUyJF-r3jkCDB74xhBWi-3IkLkXT51-WiDJuQqYF2Dh0WY19ZnhBklniyeNBSSXexk_Hb2gmLRbC1VF7Djc8wTJpmGQTEzhjHj1XoIcH8FPraUEszZSyA
